id_avaliacao,id_pedido,id_restaurante,nota,comentario,criado_em
1,1861,5,5,Pedi pela segunda vez e não decepcionou.,2024-01-10 17:00:00
2,354,64,5,Superou todas as expectativas. Nota máxima com folga.,2024-04-05 02:00:00
3,1334,57,3,"Razoável pelo preço. Já comi melhor, já comi pior.",2024-10-13 00:00:00
4,906,54,2,"Refrigerante chegou quente, sem gelo nenhum.",2024-02-03 18:00:00
5,1290,62,5,Entregou em 20 minutos e ainda com brinde. Excelente!,2024-01-13 08:00:00
6,1274,77,1,"Embalagem rasgada, comida derramou toda na sacola.",2024-03-25 21:00:00
7,939,40,3,"Atendimento neutro, comida sem destaque.",2024-08-21 19:00:00
8,1732,62,1,"Prazo era 40 min, levou 2h30. Comida obviamente fria.",2024-03-18 05:00:00
9,66,41,5,"Marmita completa, bem temperada e ainda quente.",2024-09-29 08:00:00
10,1324,65,4,Entregador simpático e cuidadoso com o pedido.,2024-03-26 14:00:00
11,57,44,4,Pedi pela segunda vez e manteve a qualidade.,2024-04-18 00:00:00
12,1293,34,1,Faltaram itens no pedido. Paguei por algo que não veio.,2024-09-28 03:00:00
13,1119,10,4,Embalagem térmica manteve a comida quente.,2024-04-17 21:00:00
14,585,32,2,"Frango ressecado, parecia requentado.",2024-10-23 12:00:00
15,375,70,3,"Tudo certo, sem reclamações. Só não ficou surpreso.",2024-02-06 00:00:00
16,276,9,4,"Comida incrível, super recomendo!",2024-05-19 09:00:00
17,747,53,3,"Comida caseira simples. Sem inovação, mas honesta.",2024-04-12 17:00:00
18,129,37,1,"Sopa derramada na embalagem, completamente fria ao chegar.",2024-07-27 06:00:00
19,1647,20,2,Pizza com massa crua no meio. Precisava de mais tempo no forno.,2024-01-31 14:00:00
20,1853,58,4,Pizza crocante e bem distribuída. Parabéns ao restaurante.,2024-11-18 02:00:00
21,675,4,5,"Entregador gentil, comida impecável. Experiência 5 estrelas.",2024-12-09 21:00:00
22,1665,57,4,Pedi pela segunda vez e manteve a qualidade.,2024-03-15 16:00:00
23,1982,18,5,"Entregou antes do prazo, tudo fresquinho!",2024-01-18 19:00:00
24,1084,33,5,Entrega relâmpago e comida na temperatura perfeita.,2024-10-27 05:00:00
25,1923,2,3,"Entrega dentro do prazo, comida ok. Nada extraordinário.",2024-11-28 04:00:00
26,100,49,3,"Tudo certo, sem reclamações. Só não ficou surpreso.",2024-05-27 15:00:00
27,1180,3,3,"Prato bem montado, sabor dentro do esperado.",2024-09-03 21:00:00
28,965,7,4,Sabor excelente e porção generosa.,2024-05-23 18:00:00
29,793,14,4,Entrega antes do prazo e tudo bem embalado.,2024-09-17 06:00:00
30,30,27,3,Salada fresca mas molho muito ácido.,2024-12-29 18:00:00
31,629,64,5,"Marmita completa, bem temperada e ainda quente.",2024-01-28 17:00:00
32,945,17,5,"Marmita completa, bem temperada e ainda quente.",2024-03-07 11:00:00
33,573,34,4,Porção familiar com excelente custo-benefício.,2024-04-05 01:00:00
34,908,3,3,"Prato bem montado, sabor dentro do esperado.",2024-05-27 08:00:00
35,1081,57,3,Tempo de espera razoável para a região.,2024-09-24 06:00:00
36,451,76,4,Qualidade consistente. Sempre bom ao pedir.,2024-09-22 21:00:00
37,1610,18,3,"Pedido correto, sabor mediano. Pode melhorar.",2024-03-29 22:00:00
38,1291,71,1,Arroz empapado e feijão aguado. Parece sobra do dia anterior.,2024-06-04 19:00:00
39,1079,35,3,"Entrega dentro do prazo, comida ok. Nada extraordinário.",2024-03-22 22:00:00
40,255,44,4,Churrasco macio e bem temperado.,2024-05-02 05:00:00
41,125,67,3,Tempo de espera razoável para a região.,2024-07-12 21:00:00
42,1928,54,4,"Sushi bem preparado, arroz na textura ideal.",2024-06-27 04:00:00
43,252,26,2,"Entrega foi lenta, embalagem estava úmida.",2024-02-24 05:00:00
44,586,62,3,Massa al dente mas molho podia ter mais sabor.,2024-08-06 00:00:00
45,1569,26,4,Frango grelhado perfeitamente temperado.,2024-10-17 02:00:00
46,825,30,4,Entregador simpático e cuidadoso com o pedido.,2024-12-14 16:00:00
47,508,54,4,Preço justo para a qualidade entregue.,2024-05-20 14:00:00
48,890,72,3,"Razoável pelo preço. Já comi melhor, já comi pior.",2024-07-16 21:00:00
49,71,54,4,Adorei! Já virou meu favorito.,2024-10-20 12:00:00
50,1609,2,1,Entrega levou mais de 2 horas. Absurdo!,2024-02-29 08:00:00
51,1533,11,5,Simplesmente incrível! Melhor delivery que já experimentei.,2024-11-03 14:00:00
52,248,79,5,Entregou em 20 minutos e ainda com brinde. Excelente!,2024-08-19 14:00:00
53,1451,61,2,Pizza com massa crua no meio. Precisava de mais tempo no forno.,2024-05-28 04:00:00
54,213,2,5,"Comida quente, bem temperada e porção farta. Perfeito.",2024-07-24 11:00:00
55,910,60,3,"Para saciar a fome cumpre o papel, mas não é destaque.",2024-11-30 07:00:00
56,1742,52,1,Entrega levou mais de 2 horas. Absurdo!,2024-09-21 18:00:00
57,1245,61,4,Frango grelhado perfeitamente temperado.,2024-10-25 11:00:00
58,1697,60,5,Nunca comi uma pizza tão crocante entregue em casa.,2024-02-13 07:00:00
59,1183,2,3,Restaurante cumpriu o básico esperado.,2024-03-02 10:00:00
60,362,15,4,Comida saborosa e entrega dentro do prazo. Recomendo.,2024-10-07 10:00:00
61,1474,10,5,Superou todas as expectativas. Nota máxima com folga.,2024-07-13 09:00:00
62,679,47,5,Simplesmente incrível! Melhor delivery que já experimentei.,2024-07-16 03:00:00
63,1622,60,2,"Sabor mediano, já comi muito melhor no mesmo estilo.",2024-11-22 20:00:00
64,1090,65,5,Sushi premium com peixe de qualidade superior.,2024-08-24 12:00:00
65,1988,78,3,"Razoável pelo preço. Já comi melhor, já comi pior.",2024-05-25 05:00:00
66,1848,12,5,Simplesmente incrível! Melhor delivery que já experimentei.,2024-07-28 11:00:00
67,988,73,5,Sushi premium com peixe de qualidade superior.,2024-12-22 16:00:00
68,1513,35,1,Cobrou a mais e o pedido veio incompleto.,2024-05-05 21:00:00
69,112,45,4,Comida saborosa e entrega dentro do prazo. Recomendo.,2024-02-13 10:00:00
70,1488,29,4,Pizza crocante e bem distribuída. Parabéns ao restaurante.,2024-04-02 23:00:00
71,1454,35,1,Entregador sumiu com o pedido. Tive que acionar o suporte.,2024-12-06 23:00:00
72,384,27,4,Adorei! Já virou meu favorito.,2024-02-03 06:00:00
73,1396,38,5,"Salada fresquíssima, parecia colhida na hora.",2024-11-12 21:00:00
74,1055,6,2,"Refrigerante chegou quente, sem gelo nenhum.",2024-10-24 10:00:00
75,756,43,2,Comida ok mas fria. Precisa melhorar na entrega.,2024-09-13 05:00:00
76,325,62,4,Comida chegou quente e bem embalada.,2024-03-05 03:00:00
77,1624,21,3,"Atendimento neutro, comida sem destaque.",2024-12-04 19:00:00
78,788,79,5,Entregou em 20 minutos e ainda com brinde. Excelente!,2024-03-23 06:00:00
79,369,59,4,Porção familiar com excelente custo-benefício.,2024-09-24 22:00:00
80,1820,51,3,Salada fresca mas molho muito ácido.,2024-05-01 01:00:00
81,70,40,4,Risoto cremoso na medida certa.,2024-09-09 09:00:00
82,858,10,4,Massa artesanal com molho rico em sabor.,2024-12-15 09:00:00
83,1484,56,4,Massa artesanal com molho rico em sabor.,2024-02-16 23:00:00
84,1556,28,3,"Porção adequada, sabor regular.",2024-01-25 20:00:00
85,1692,42,3,"Ok para o dia a dia, nada especial.",2024-08-16 11:00:00
86,1475,63,4,Qualidade consistente. Sempre bom ao pedir.,2024-08-16 12:00:00
87,1799,48,3,"Ok para o dia a dia, nada especial.",2024-01-28 13:00:00
88,479,26,5,"Marmita completa, bem temperada e ainda quente.",2024-01-23 20:00:00
89,282,32,3,"Entrega dentro do prazo, comida ok. Nada extraordinário.",2024-12-17 15:00:00
90,1648,1,1,Arroz empapado e feijão aguado. Parece sobra do dia anterior.,2024-01-28 12:00:00
91,1557,6,4,Qualidade consistente. Sempre bom ao pedir.,2024-04-18 03:00:00
92,1730,25,5,"Salada fresquíssima, parecia colhida na hora.",2024-03-24 04:00:00
93,211,54,4,Atendimento excelente e embalagem cuidadosa.,2024-10-07 22:00:00
94,298,66,4,Pedi pela segunda vez e manteve a qualidade.,2024-07-02 13:00:00
95,1885,78,3,"Não voltarei toda semana, mas posso pedir de vez em quando.",2024-11-09 14:00:00
96,1834,39,4,Entrega antes do prazo e tudo bem embalado.,2024-02-06 15:00:00
97,652,55,2,"Comida chegou em temperatura morna, não quente.",2024-05-17 14:00:00
98,1234,29,4,Entregador simpático e cuidadoso com o pedido.,2024-06-30 08:00:00
99,1503,64,5,Perfeito! Exatamente como esperado.,2024-09-18 12:00:00
100,1932,48,5,"Marmita completa, bem temperada e ainda quente.",2024-02-08 05:00:00
101,917,27,1,Pedi sem cebola por alergia. Veio com cebola. Problema sério.,2024-10-09 19:00:00
102,994,26,3,"Tudo certo, sem reclamações. Só não ficou surpreso.",2024-04-06 13:00:00
103,430,16,3,"Chegou no prazo, sabor satisfatório.",2024-07-27 06:00:00
104,1371,23,4,Atendimento excelente e embalagem cuidadosa.,2024-06-12 20:00:00
105,240,66,3,"Nada impressionante, mas também não decepciona.",2024-06-28 16:00:00
106,880,23,3,"Entrega dentro do prazo, comida ok. Nada extraordinário.",2024-06-21 02:00:00
107,621,6,4,"Comida incrível, super recomendo!",2024-01-20 15:00:00
108,257,76,5,Melhor hambúrguer que já comi por delivery.,2024-11-20 16:00:00
109,612,35,1,"Embalagem rasgada, comida derramou toda na sacola.",2024-12-25 18:00:00
110,545,28,5,Entrega relâmpago e comida na temperatura perfeita.,2024-03-05 14:00:00
111,772,12,4,Salada fresca com ingredientes de qualidade.,2024-07-05 22:00:00
112,1420,43,3,"Embalagem funcional, comida na temperatura certa.",2024-12-16 11:00:00
113,1042,71,1,Faltaram itens no pedido. Paguei por algo que não veio.,2024-05-27 04:00:00
114,1790,77,1,Pedi sem cebola por alergia. Veio com cebola. Problema sério.,2024-04-12 23:00:00
115,760,21,4,Pizza crocante e bem distribuída. Parabéns ao restaurante.,2024-06-13 06:00:00
116,383,53,5,"Carne no ponto, molhos deliciosos e sobremesa de brinde.",2024-10-31 05:00:00
117,1104,17,4,Risoto cremoso na medida certa.,2024-10-06 00:00:00
118,974,68,4,Atendimento excelente e embalagem cuidadosa.,2024-03-14 17:00:00
119,353,22,3,"Chegou no prazo, sabor satisfatório.",2024-01-23 17:00:00
120,1606,27,4,Porção familiar com excelente custo-benefício.,2024-07-29 13:00:00
121,1826,24,1,Arroz empapado e feijão aguado. Parece sobra do dia anterior.,2024-01-23 04:00:00
122,1037,57,1,Embalagem inadequada para frango assado. Chegou encharcado.,2024-07-04 03:00:00
123,1108,14,4,Lanche com pão macio e ingredientes generosos.,2024-03-02 03:00:00
124,495,19,1,Comida com cabelo. Não aceitarei mais pedidos desse restaurante.,2024-02-01 02:00:00
125,394,5,3,"Entrega dentro do prazo, comida ok. Nada extraordinário.",2024-08-19 02:00:00
126,1547,18,2,"Molho faltando, pedi extra e não veio.",2024-06-05 19:00:00
127,465,37,2,"Pão do lanche estava duro, como se fosse de ontem.",2024-04-05 14:00:00
128,887,33,4,Restaurante caprichado nos detalhes. Vale o preço.,2024-01-16 10:00:00
129,1194,66,5,"Entregou antes do prazo, tudo fresquinho!",2024-06-11 19:00:00
130,367,72,5,Restaurante tratou o pedido com muito cuidado e carinho.,2024-08-07 12:00:00
131,1894,28,4,Embalagem térmica manteve a comida quente.,2024-12-29 00:00:00
132,1874,20,3,"Chegou no prazo, sabor satisfatório.",2024-09-17 02:00:00
133,745,21,5,Nunca comi uma pizza tão crocante entregue em casa.,2024-04-02 16:00:00
134,530,24,3,"Embalagem funcional, comida na temperatura certa.",2024-02-20 19:00:00
135,803,80,5,"Marmita completa, bem temperada e ainda quente.",2024-04-26 12:00:00
136,1224,50,4,Embalagem térmica manteve a comida quente.,2024-12-26 19:00:00
137,1979,6,5,"Entregou antes do prazo, tudo fresquinho!",2024-01-04 14:00:00
138,1906,1,4,Restaurante caprichado nos detalhes. Vale o preço.,2024-08-06 15:00:00
139,1700,54,2,"Embalagem simples demais, comida misturou tudo.",2024-07-27 19:00:00
140,1545,34,3,"Atendimento neutro, comida sem destaque.",2024-04-12 23:00:00
141,1314,37,2,Atendimento via chat demorou muito para responder.,2024-12-08 02:00:00
142,307,80,2,"Molho faltando, pedi extra e não veio.",2024-05-23 12:00:00
143,1667,47,3,Boa comida mas embalagem simples. Cumpriu o prometido.,2024-06-19 04:00:00
144,863,4,4,Churrasco macio e bem temperado.,2024-04-27 11:00:00
145,1567,12,5,Prato visivelmente feito com carinho. Sabor inigualável.,2024-09-10 23:00:00
146,531,18,4,Comida saborosa e entrega dentro do prazo. Recomendo.,2024-09-16 08:00:00
147,655,33,4,Pizza crocante e bem distribuída. Parabéns ao restaurante.,2024-12-27 20:00:00
148,1260,39,5,Pedi pela segunda vez e não decepcionou.,2024-12-30 15:00:00
149,234,27,2,"Entrega foi lenta, embalagem estava úmida.",2024-02-14 19:00:00
150,121,67,2,"Refrigerante chegou quente, sem gelo nenhum.",2024-03-01 08:00:00
151,1698,59,3,Preço justo para o que oferece.,2024-08-22 21:00:00
152,950,64,3,Salada fresca mas molho muito ácido.,2024-05-13 03:00:00
153,618,77,3,Frango grelhado sem tempero marcante.,2024-09-03 07:00:00
154,1179,11,3,"Atendimento neutro, comida sem destaque.",2024-07-08 17:00:00
155,308,9,3,"Pedido correto, sabor mediano. Pode melhorar.",2024-02-05 20:00:00
156,136,2,5,Entregou em 20 minutos e ainda com brinde. Excelente!,2024-11-18 02:00:00
157,555,6,3,"Pedido correto, sabor mediano. Pode melhorar.",2024-01-02 09:00:00
158,1674,9,3,"Razoável pelo preço. Já comi melhor, já comi pior.",2024-09-04 10:00:00
159,584,44,3,Boa comida mas embalagem simples. Cumpriu o prometido.,2024-10-14 20:00:00
160,1641,4,4,Comida chegou quente e bem embalada.,2024-10-01 01:00:00
161,671,60,4,Comida chegou quente e bem embalada.,2024-01-04 18:00:00
162,835,57,2,"Embalagem simples demais, comida misturou tudo.",2024-12-08 23:00:00
163,110,43,5,"Temperatura ideal na entrega, comida deliciosa.",2024-07-30 21:00:00
164,1165,31,1,"Lanche amassado, batata frita encharcada de óleo.",2024-08-14 05:00:00
165,1960,80,4,Atendimento excelente e embalagem cuidadosa.,2024-06-15 21:00:00
166,1465,18,2,"Sabor razoável, mas a porção foi bem menor que o esperado.",2024-04-29 17:00:00
167,1729,63,4,"Entrega rápida e comida saborosa, 10/10!",2024-12-15 02:00:00
168,1243,43,4,Entrega antes do prazo e tudo bem embalado.,2024-09-21 21:00:00
169,212,61,3,Frango grelhado sem tempero marcante.,2024-02-09 22:00:00
170,1768,12,4,Comida chegou quente e bem embalada.,2024-12-09 08:00:00
171,1121,47,4,Restaurante caprichado nos detalhes. Vale o preço.,2024-10-18 01:00:00
172,680,72,2,"Molho faltando, pedi extra e não veio.",2024-12-01 18:00:00
173,1951,49,3,Boa comida mas embalagem simples. Cumpriu o prometido.,2024-12-08 07:00:00
174,1839,38,4,Comida saborosa e entrega dentro do prazo. Recomendo.,2024-03-10 15:00:00
175,412,15,5,Nunca comi uma pizza tão crocante entregue em casa.,2024-10-30 20:00:00
176,1325,53,4,Risoto cremoso na medida certa.,2024-12-01 13:00:00
177,783,74,5,Prato visivelmente feito com carinho. Sabor inigualável.,2024-04-06 09:00:00
178,1346,57,3,Boa comida mas embalagem simples. Cumpriu o prometido.,2024-11-01 18:00:00
179,875,73,5,Pedi pela segunda vez e não decepcionou.,2024-05-28 13:00:00
180,1653,48,1,Entregador rude e pedido incompleto. Pior experiência.,2024-03-27 09:00:00
181,1279,60,3,"Prato bem montado, sabor dentro do esperado.",2024-05-15 19:00:00
182,786,74,3,"Porção adequada, sabor regular.",2024-03-27 13:00:00
183,1819,17,1,"Molho derramado, embalagem completamente inadequada.",2024-06-03 17:00:00
184,1199,79,3,"Nada impressionante, mas também não decepciona.",2024-12-01 16:00:00
185,808,22,2,"Entrega foi lenta, embalagem estava úmida.",2024-05-16 08:00:00
186,713,70,5,Sushi premium com peixe de qualidade superior.,2024-06-04 05:00:00
187,1991,64,5,Melhor hambúrguer que já comi por delivery.,2024-05-08 14:00:00
188,1660,80,1,Entrega levou mais de 2 horas. Absurdo!,2024-12-06 14:00:00
189,1191,14,3,Boa comida mas embalagem simples. Cumpriu o prometido.,2024-08-13 11:00:00
190,1226,13,3,"Pedido correto, sabor mediano. Pode melhorar.",2024-02-12 02:00:00
191,603,54,5,Entregou em 20 minutos e ainda com brinde. Excelente!,2024-05-14 06:00:00
192,271,25,5,Prato visivelmente feito com carinho. Sabor inigualável.,2024-05-01 19:00:00
193,1385,29,4,Restaurante caprichado nos detalhes. Vale o preço.,2024-07-17 14:00:00
194,232,20,2,Pizza com massa crua no meio. Precisava de mais tempo no forno.,2024-12-15 07:00:00
195,50,34,4,Entrega antes do prazo e tudo bem embalado.,2024-04-08 22:00:00
196,463,31,1,Pizza chegou fria e murcha. Parecia papelão.,2024-01-01 15:00:00
197,1106,66,4,Comida chegou quente e bem embalada.,2024-09-23 17:00:00
198,856,58,5,"Carne no ponto, molhos deliciosos e sobremesa de brinde.",2024-10-13 05:00:00
199,694,19,5,Qualidade de restaurante presencial em casa. Impressionante.,2024-05-21 10:00:00
200,1552,52,4,Adorei! Já virou meu favorito.,2024-09-14 23:00:00
201,1873,20,3,"Comida caseira simples. Sem inovação, mas honesta.",2024-05-01 21:00:00
202,527,41,5,Pedi pela segunda vez e não decepcionou.,2024-10-06 12:00:00
203,174,31,3,"Atendimento neutro, comida sem destaque.",2024-04-30 02:00:00
204,721,6,5,Entregou em 20 minutos e ainda com brinde. Excelente!,2024-05-06 16:00:00
205,415,36,4,Churrasco macio e bem temperado.,2024-04-24 19:00:00
206,238,3,4,Atendimento excelente e embalagem cuidadosa.,2024-03-15 12:00:00
207,1473,47,4,Risoto cremoso na medida certa.,2024-12-31 04:00:00
208,1336,9,4,Risoto cremoso na medida certa.,2024-10-17 13:00:00
209,1064,68,3,"Comida caseira simples. Sem inovação, mas honesta.",2024-08-09 00:00:00
210,24,9,3,"Embalagem funcional, comida na temperatura certa.",2024-07-31 19:00:00
211,1767,20,1,"Errou o endereço, comida foi entregue no vizinho.",2024-04-21 10:00:00
212,64,60,3,Restaurante cumpriu o básico esperado.,2024-11-01 03:00:00
213,290,60,4,Restaurante caprichado nos detalhes. Vale o preço.,2024-09-11 06:00:00
214,189,24,3,"Prato bem montado, sabor dentro do esperado.",2024-06-20 13:00:00
215,702,46,4,Risoto cremoso na medida certa.,2024-03-23 23:00:00
216,1815,6,4,Salada fresca com ingredientes de qualidade.,2024-11-04 06:00:00
217,1138,28,5,Simplesmente incrível! Melhor delivery que já experimentei.,2024-09-12 20:00:00
218,355,77,2,"Sabor mediano, já comi muito melhor no mesmo estilo.",2024-07-19 04:00:00
219,417,74,5,"Marmita completa, bem temperada e ainda quente.",2024-08-28 11:00:00
220,1246,27,3,"Entrega dentro do prazo, comida ok. Nada extraordinário.",2024-11-13 20:00:00
221,931,38,5,Entrega relâmpago e comida na temperatura perfeita.,2024-09-18 06:00:00
222,197,1,3,"Porção adequada, sabor regular.",2024-11-09 05:00:00
223,580,35,3,"Razoável pelo preço. Já comi melhor, já comi pior.",2024-01-10 11:00:00
224,1135,59,1,Entregador sumiu com o pedido. Tive que acionar o suporte.,2024-07-03 12:00:00
225,1814,15,5,Voltei ao mesmo restaurante 5 vezes. Qualidade constante.,2024-01-29 06:00:00
226,1935,21,4,Entregador simpático e cuidadoso com o pedido.,2024-12-10 03:00:00
227,434,79,5,Restaurante tratou o pedido com muito cuidado e carinho.,2024-03-16 12:00:00
228,101,21,5,"Atendimento rápido, comida excepcional. Recomendo a todos.",2024-05-29 02:00:00
229,1655,35,4,Preço justo para a qualidade entregue.,2024-04-04 18:00:00
230,395,13,2,Entrega atrasou bastante e a comida chegou morna.,2024-12-12 16:00:00
231,1939,25,5,Voltei ao mesmo restaurante 5 vezes. Qualidade constante.,2024-12-09 21:00:00
232,221,25,2,"Comida chegou em temperatura morna, não quente.",2024-03-25 23:00:00
233,1676,30,3,Salada fresca mas molho muito ácido.,2024-07-20 03:00:00
234,1498,64,4,"Entrega rápida e comida saborosa, 10/10!",2024-08-04 11:00:00
235,1785,31,3,"Tudo certo, sem reclamações. Só não ficou surpreso.",2024-06-26 06:00:00
236,345,29,2,"Itens básicos faltando, como guardanapo e talheres.",2024-09-16 06:00:00
237,1028,39,4,Comida chegou quente e bem embalada.,2024-08-19 06:00:00
238,889,20,3,"Prato bem montado, sabor dentro do esperado.",2024-08-25 22:00:00
239,1351,23,5,Sushi premium com peixe de qualidade superior.,2024-06-14 17:00:00
240,553,7,4,Massa artesanal com molho rico em sabor.,2024-12-14 10:00:00
241,744,1,3,Massa al dente mas molho podia ter mais sabor.,2024-11-30 13:00:00
242,1542,71,4,Massa artesanal com molho rico em sabor.,2024-04-10 15:00:00
243,539,45,5,Entrega relâmpago e comida na temperatura perfeita.,2024-11-22 04:00:00
244,907,30,5,Superou todas as expectativas. Nota máxima com folga.,2024-10-24 09:00:00
245,1395,13,5,Sushi premium com peixe de qualidade superior.,2024-07-07 04:00:00
246,116,68,5,Entrega relâmpago e comida na temperatura perfeita.,2024-04-16 15:00:00
247,830,69,4,Adorei! Já virou meu favorito.,2024-10-04 02:00:00
248,1938,17,3,"Porção adequada, sabor regular.",2024-04-15 12:00:00
249,809,21,3,"Entrega rápida, mas a comida era comum.",2024-12-12 19:00:00
250,1311,19,4,Adorei! Já virou meu favorito.,2024-02-23 17:00:00
251,1005,74,2,"Molho faltando, pedi extra e não veio.",2024-05-28 18:00:00
252,306,77,5,"Temperatura ideal na entrega, comida deliciosa.",2024-10-01 08:00:00
253,1101,59,3,"Entrega dentro do prazo, comida ok. Nada extraordinário.",2024-06-10 02:00:00
254,480,6,4,Embalagem térmica manteve a comida quente.,2024-07-29 17:00:00
255,1424,17,4,Entregador simpático e cuidadoso com o pedido.,2024-01-25 04:00:00
256,1076,40,3,Restaurante cumpriu o básico esperado.,2024-05-31 06:00:00
257,571,11,5,Restaurante tratou o pedido com muito cuidado e carinho.,2024-09-27 02:00:00
258,619,16,1,Embalagem inadequada para frango assado. Chegou encharcado.,2024-05-27 17:00:00
259,1898,36,4,Comida saborosa e entrega dentro do prazo. Recomendo.,2024-05-16 14:00:00
260,1266,44,3,"Embalagem funcional, comida na temperatura certa.",2024-11-27 10:00:00
261,79,4,4,Comida chegou quente e bem embalada.,2024-10-17 07:00:00
262,1912,75,5,Melhor hambúrguer que já comi por delivery.,2024-11-06 15:00:00
263,33,19,5,Entrega relâmpago e comida na temperatura perfeita.,2024-07-08 14:00:00
264,1538,80,3,"Nada impressionante, mas também não decepciona.",2024-06-18 06:00:00
265,1034,42,4,Comida saborosa e entrega dentro do prazo. Recomendo.,2024-05-31 00:00:00
266,1563,13,3,Frango grelhado sem tempero marcante.,2024-09-20 18:00:00
267,352,41,4,Porção familiar com excelente custo-benefício.,2024-03-05 02:00:00
268,164,47,4,Atendimento excelente e embalagem cuidadosa.,2024-08-29 15:00:00
269,204,22,4,Comida saborosa e entrega dentro do prazo. Recomendo.,2024-12-18 05:00:00
270,1054,62,4,Pedi pela segunda vez e manteve a qualidade.,2024-08-07 04:00:00
271,1365,25,5,Melhor restaurante que já pedi. Voltarei com certeza.,2024-02-02 14:00:00
272,1967,32,5,Entregou em 20 minutos e ainda com brinde. Excelente!,2024-02-22 16:00:00
273,496,5,4,Sabor excelente e porção generosa.,2024-01-20 12:00:00
274,1625,58,3,"Embalagem funcional, comida na temperatura certa.",2024-05-07 03:00:00
275,1966,43,3,"Prato bem montado, sabor dentro do esperado.",2024-05-06 22:00:00
276,1963,28,3,"Embalagem funcional, comida na temperatura certa.",2024-04-18 01:00:00
277,611,78,5,Entregou em 20 minutos e ainda com brinde. Excelente!,2024-04-07 23:00:00
278,433,21,2,"Embalagem de salada amassada, folhas murchas.",2024-01-08 12:00:00
279,1492,70,5,Melhor hambúrguer que já comi por delivery.,2024-01-21 05:00:00
280,219,17,3,"Porção adequada, sabor regular.",2024-09-09 11:00:00
281,1931,28,2,"Sabor razoável, mas a porção foi bem menor que o esperado.",2024-10-19 21:00:00
282,1466,2,1,Entregador sumiu com o pedido. Tive que acionar o suporte.,2024-03-18 10:00:00
283,631,13,1,Cobrou a mais e o pedido veio incompleto.,2024-02-29 04:00:00
284,1382,11,3,"Razoável pelo preço. Já comi melhor, já comi pior.",2024-07-02 21:00:00
285,1302,23,5,Pedi pela segunda vez e não decepcionou.,2024-08-07 00:00:00
286,60,46,3,"Prato bem montado, sabor dentro do esperado.",2024-09-28 15:00:00
287,299,72,3,"Sabor agradável, porém a porção poderia ser maior.",2024-03-06 03:00:00
288,1711,54,5,"Entregador gentil, comida impecável. Experiência 5 estrelas.",2024-10-17 11:00:00
289,74,26,5,Pedi pela segunda vez e não decepcionou.,2024-10-29 01:00:00
290,163,25,3,Preço justo para o que oferece.,2024-02-11 23:00:00
291,1275,2,4,Comida saborosa e entrega dentro do prazo. Recomendo.,2024-12-26 17:00:00
292,1594,8,3,"Pedido chegou completo, qualidade regular.",2024-09-20 01:00:00
293,1434,58,4,Preço justo para a qualidade entregue.,2024-12-31 15:00:00
294,1613,64,5,Qualidade de restaurante presencial em casa. Impressionante.,2024-01-30 12:00:00
295,592,46,5,"Atendimento rápido, comida excepcional. Recomendo a todos.",2024-11-18 13:00:00
296,317,59,5,Entrega relâmpago e comida na temperatura perfeita.,2024-02-09 13:00:00
297,46,8,5,Voltei ao mesmo restaurante 5 vezes. Qualidade constante.,2024-04-27 02:00:00
298,1720,9,5,"Entregador gentil, comida impecável. Experiência 5 estrelas.",2024-11-08 20:00:00
299,1832,77,2,"Pão do lanche estava duro, como se fosse de ontem.",2024-10-30 22:00:00
300,428,67,1,"Lanche amassado, batata frita encharcada de óleo.",2024-07-25 21:00:00
301,582,21,4,Risoto cremoso na medida certa.,2024-05-23 21:00:00
302,77,24,2,Pedido atrasou 45 minutos além do prometido.,2024-09-08 11:00:00
303,1917,10,3,"Ok para o dia a dia, nada especial.",2024-11-25 22:00:00
304,1415,69,4,Salada fresca com ingredientes de qualidade.,2024-02-10 23:00:00
305,781,33,4,"Prato caprichado, ingredientes frescos e saborosos.",2024-09-03 20:00:00
306,1920,32,4,Churrasco macio e bem temperado.,2024-02-29 09:00:00
307,1174,46,4,Sabor excelente e porção generosa.,2024-10-11 23:00:00
308,1320,6,4,"Sushi bem preparado, arroz na textura ideal.",2024-04-14 21:00:00
309,938,20,5,Prato visivelmente feito com carinho. Sabor inigualável.,2024-12-23 03:00:00
310,31,20,4,Salada fresca com ingredientes de qualidade.,2024-06-29 12:00:00
311,1092,3,4,Porção familiar com excelente custo-benefício.,2024-08-18 02:00:00
312,1616,54,3,"Entrega rápida, mas a comida era comum.",2024-11-26 18:00:00
313,1230,36,3,"Entrega dentro do prazo, comida ok. Nada extraordinário.",2024-04-18 07:00:00
314,975,17,4,Qualidade consistente. Sempre bom ao pedir.,2024-10-18 10:00:00
315,1085,45,4,Pedi pela segunda vez e manteve a qualidade.,2024-08-25 00:00:00
316,515,19,5,Cada detalhe do prato estava perfeito. Arte na cozinha.,2024-05-10 15:00:00
317,1551,74,1,Entregador rude e pedido incompleto. Pior experiência.,2024-11-26 11:00:00
318,1568,43,3,Boa comida mas embalagem simples. Cumpriu o prometido.,2024-07-08 08:00:00
319,1811,76,3,"Sabor agradável, porém a porção poderia ser maior.",2024-11-05 20:00:00
320,1574,74,3,"Entrega rápida, mas a comida era comum.",2024-04-18 14:00:00
321,45,69,5,"Atendimento rápido, comida excepcional. Recomendo a todos.",2024-12-07 19:00:00
322,1687,68,3,"Para saciar a fome cumpre o papel, mas não é destaque.",2024-01-04 22:00:00
323,169,29,4,Entrega antes do prazo e tudo bem embalado.,2024-02-03 05:00:00
324,304,42,3,Massa al dente mas molho podia ter mais sabor.,2024-06-06 20:00:00
325,991,27,4,Comida chegou quente e bem embalada.,2024-10-21 10:00:00
326,556,63,3,Salada fresca mas molho muito ácido.,2024-07-03 21:00:00
327,1925,40,5,"Atendimento rápido, comida excepcional. Recomendo a todos.",2024-07-09 14:00:00
328,608,69,4,Comida saborosa e entrega dentro do prazo. Recomendo.,2024-02-06 03:00:00
329,1619,4,3,"Porção adequada, sabor regular.",2024-06-06 01:00:00
330,758,61,5,Entrega relâmpago e comida na temperatura perfeita.,2024-04-28 22:00:00
331,439,22,5,Restaurante tratou o pedido com muito cuidado e carinho.,2024-05-23 07:00:00
332,583,1,4,Comida chegou quente e bem embalada.,2024-07-25 04:00:00
333,1519,66,3,Restaurante cumpriu o básico esperado.,2024-10-16 16:00:00
334,528,60,4,Embalagem térmica manteve a comida quente.,2024-05-16 15:00:00
335,343,19,5,"Comida quente, bem temperada e porção farta. Perfeito.",2024-04-15 05:00:00
336,1737,61,3,"Nada impressionante, mas também não decepciona.",2024-03-30 12:00:00
337,368,66,2,"Frango ressecado, parecia requentado.",2024-05-02 13:00:00
338,186,43,2,"Refrigerante chegou quente, sem gelo nenhum.",2024-10-23 00:00:00
339,1117,17,5,Simplesmente incrível! Melhor delivery que já experimentei.,2024-03-15 09:00:00
340,1755,72,3,Massa al dente mas molho podia ter mais sabor.,2024-07-07 01:00:00
341,1426,46,3,Massa al dente mas molho podia ter mais sabor.,2024-08-16 23:00:00
342,301,44,5,Sushi premium com peixe de qualidade superior.,2024-08-19 18:00:00
343,1904,11,3,"Tudo certo, sem reclamações. Só não ficou surpreso.",2024-11-19 08:00:00
344,833,77,3,Preço justo para o que oferece.,2024-03-29 08:00:00
345,544,30,4,Sabor excelente e porção generosa.,2024-04-27 09:00:00
346,1601,12,1,"Prazo era 40 min, levou 2h30. Comida obviamente fria.",2024-02-19 03:00:00
347,351,34,3,"Pedido correto, sabor mediano. Pode melhorar.",2024-01-22 04:00:00
348,1933,60,4,Pizza crocante e bem distribuída. Parabéns ao restaurante.,2024-09-27 20:00:00
349,1511,60,2,"Embalagem de salada amassada, folhas murchas.",2024-02-09 20:00:00
350,979,2,1,Embalagem inadequada para frango assado. Chegou encharcado.,2024-04-20 10:00:00
351,176,42,4,Salada fresca com ingredientes de qualidade.,2024-06-20 01:00:00
352,483,2,3,Boa comida mas embalagem simples. Cumpriu o prometido.,2024-01-20 22:00:00
353,1413,59,3,"Não voltarei toda semana, mas posso pedir de vez em quando.",2024-02-14 07:00:00
354,1611,49,2,Pizza com massa crua no meio. Precisava de mais tempo no forno.,2024-07-09 23:00:00
355,124,31,2,"Pão do lanche estava duro, como se fosse de ontem.",2024-09-01 10:00:00
356,600,27,5,Perfeito! Exatamente como esperado.,2024-02-28 22:00:00
357,1795,50,2,"Pão do lanche estava duro, como se fosse de ontem.",2024-04-27 23:00:00
358,1746,70,2,"Molho faltando, pedi extra e não veio.",2024-02-16 00:00:00
359,1379,21,4,Entregador simpático e cuidadoso com o pedido.,2024-08-23 11:00:00
360,1186,47,5,Prato visivelmente feito com carinho. Sabor inigualável.,2024-08-28 04:00:00
361,486,46,3,"Atendimento neutro, comida sem destaque.",2024-05-27 17:00:00
362,332,39,4,Massa artesanal com molho rico em sabor.,2024-04-25 11:00:00
363,789,44,5,Entregou em 20 minutos e ainda com brinde. Excelente!,2024-04-28 14:00:00
364,195,56,4,Restaurante caprichado nos detalhes. Vale o preço.,2024-01-24 09:00:00
365,638,2,5,"Carne no ponto, molhos deliciosos e sobremesa de brinde.",2024-02-08 12:00:00
366,472,21,5,Qualidade de restaurante presencial em casa. Impressionante.,2024-08-30 22:00:00
367,1714,66,3,"Nada impressionante, mas também não decepciona.",2024-09-13 11:00:00
368,323,42,2,"Pedido correto, mas qualidade abaixo do esperado pelo preço.",2024-04-03 03:00:00
369,1197,73,3,"Para saciar a fome cumpre o papel, mas não é destaque.",2024-01-30 03:00:00
370,267,19,3,"Ok para o dia a dia, nada especial.",2024-06-07 15:00:00
371,1544,43,4,Churrasco macio e bem temperado.,2024-08-18 14:00:00
372,1804,17,4,Pizza crocante e bem distribuída. Parabéns ao restaurante.,2024-01-13 16:00:00
373,68,50,3,Preço justo para o que oferece.,2024-10-01 13:00:00
374,1738,56,3,Salada fresca mas molho muito ácido.,2024-11-29 20:00:00
375,1593,27,4,Adorei! Já virou meu favorito.,2024-09-23 22:00:00
376,1564,71,3,"Nada impressionante, mas também não decepciona.",2024-11-01 23:00:00
377,481,54,5,Restaurante tratou o pedido com muito cuidado e carinho.,2024-09-13 18:00:00
378,1757,17,3,Restaurante cumpriu o básico esperado.,2024-02-14 13:00:00
379,1913,56,4,Qualidade consistente. Sempre bom ao pedir.,2024-09-08 12:00:00
380,1441,13,2,"Entrega foi lenta, embalagem estava úmida.",2024-11-17 00:00:00
381,1461,34,2,"Embalagem simples demais, comida misturou tudo.",2024-01-24 03:00:00
382,888,28,3,Preço justo para o que oferece.,2024-08-19 02:00:00
383,423,4,5,Restaurante tratou o pedido com muito cuidado e carinho.,2024-12-23 18:00:00
384,1675,24,3,"Prato bem montado, sabor dentro do esperado.",2024-02-18 07:00:00
385,1450,10,4,Churrasco macio e bem temperado.,2024-04-28 02:00:00
386,765,59,5,Cada detalhe do prato estava perfeito. Arte na cozinha.,2024-04-15 17:00:00
387,520,57,4,Comida chegou quente e bem embalada.,2024-07-10 18:00:00
388,1432,54,4,Adorei! Já virou meu favorito.,2024-08-20 06:00:00
389,614,46,1,Pizza chegou fria e murcha. Parecia papelão.,2024-10-12 06:00:00
390,1531,1,3,"Comida caseira simples. Sem inovação, mas honesta.",2024-04-07 05:00:00
391,1783,52,1,"Embalagem rasgada, comida derramou toda na sacola.",2024-03-29 21:00:00
392,1659,67,5,Restaurante tratou o pedido com muito cuidado e carinho.,2024-08-16 00:00:00
393,454,20,1,Carne crua por dentro. Totalmente inaceitável.,2024-08-11 19:00:00
394,731,54,1,Faltaram itens no pedido. Paguei por algo que não veio.,2024-07-01 17:00:00
395,535,15,4,"Sushi bem preparado, arroz na textura ideal.",2024-06-20 17:00:00
396,966,57,3,Boa comida mas embalagem simples. Cumpriu o prometido.,2024-08-15 07:00:00
397,1285,26,4,"Sushi bem preparado, arroz na textura ideal.",2024-11-12 05:00:00
398,1740,78,4,Adorei! Já virou meu favorito.,2024-07-01 12:00:00
399,262,34,3,Restaurante cumpriu o básico esperado.,2024-05-09 10:00:00
400,536,31,3,Frango grelhado sem tempero marcante.,2024-02-10 14:00:00
401,969,26,3,"Entrega rápida, mas a comida era comum.",2024-06-08 20:00:00
402,241,19,5,"Salada fresquíssima, parecia colhida na hora.",2024-04-21 22:00:00
403,820,70,5,Cada detalhe do prato estava perfeito. Arte na cozinha.,2024-11-11 22:00:00
404,693,56,5,Melhor hambúrguer que já comi por delivery.,2024-01-15 06:00:00
405,421,52,4,Adorei! Já virou meu favorito.,2024-05-02 03:00:00
406,1086,2,3,"Entrega rápida, mas a comida era comum.",2024-02-15 00:00:00
407,1999,49,5,Cada detalhe do prato estava perfeito. Arte na cozinha.,2024-12-01 21:00:00
408,366,56,4,Comida saborosa e entrega dentro do prazo. Recomendo.,2024-09-12 09:00:00
409,1023,69,4,Massa artesanal com molho rico em sabor.,2024-06-09 11:00:00
410,1241,33,1,"Molho derramado, embalagem completamente inadequada.",2024-07-20 08:00:00
411,589,8,4,Restaurante caprichado nos detalhes. Vale o preço.,2024-10-20 18:00:00
412,737,29,4,"Sushi bem preparado, arroz na textura ideal.",2024-06-20 16:00:00
413,1762,76,5,Perfeito! Exatamente como esperado.,2024-03-20 01:00:00
414,942,36,3,"Para saciar a fome cumpre o papel, mas não é destaque.",2024-02-20 21:00:00
415,72,56,3,"Prato bem montado, sabor dentro do esperado.",2024-12-08 02:00:00
416,1408,32,5,"Salada fresquíssima, parecia colhida na hora.",2024-02-17 03:00:00
417,260,46,1,Cobrou a mais e o pedido veio incompleto.,2024-11-06 10:00:00
418,52,69,3,Salada fresca mas molho muito ácido.,2024-03-02 12:00:00
419,199,17,3,"Para saciar a fome cumpre o papel, mas não é destaque.",2024-01-06 07:00:00
420,1789,27,4,Entregador simpático e cuidadoso com o pedido.,2024-02-06 04:00:00
421,651,30,3,"Tudo certo, sem reclamações. Só não ficou surpreso.",2024-06-28 05:00:00
422,333,67,2,Comida ok mas fria. Precisa melhorar na entrega.,2024-07-12 13:00:00
423,1360,23,5,"Frango suculento, molho incrível, embalagem perfeita.",2024-07-16 15:00:00
424,594,45,5,Superou todas as expectativas. Nota máxima com folga.,2024-06-10 08:00:00
425,1392,50,4,Salada fresca com ingredientes de qualidade.,2024-04-04 15:00:00
426,1801,20,4,Comida chegou quente e bem embalada.,2024-02-26 04:00:00
427,1315,10,4,Entrega antes do prazo e tudo bem embalado.,2024-12-24 00:00:00
428,1112,66,5,Sushi premium com peixe de qualidade superior.,2024-10-16 19:00:00
429,1007,42,2,"Embalagem simples demais, comida misturou tudo.",2024-04-17 06:00:00
430,1327,32,5,Prato visivelmente feito com carinho. Sabor inigualável.,2024-11-27 19:00:00
431,427,16,4,Embalagem térmica manteve a comida quente.,2024-12-28 19:00:00
432,1559,44,4,Frango grelhado perfeitamente temperado.,2024-11-14 16:00:00
433,1294,41,1,"Errou o endereço, comida foi entregue no vizinho.",2024-10-08 23:00:00
434,591,58,3,"Pedido chegou completo, qualidade regular.",2024-08-13 05:00:00
435,1958,6,5,"Salada fresquíssima, parecia colhida na hora.",2024-12-02 00:00:00
436,1977,79,2,"Itens básicos faltando, como guardanapo e talheres.",2024-07-28 03:00:00
437,1133,80,4,"Prato caprichado, ingredientes frescos e saborosos.",2024-05-09 02:00:00
438,986,53,4,Comida chegou quente e bem embalada.,2024-05-26 11:00:00
439,399,44,4,Embalagem térmica manteve a comida quente.,2024-12-03 17:00:00
440,1512,67,3,Salada fresca mas molho muito ácido.,2024-04-02 17:00:00
441,437,14,4,Preço justo para a qualidade entregue.,2024-03-31 16:00:00
442,193,20,5,Entregou em 20 minutos e ainda com brinde. Excelente!,2024-01-17 22:00:00
443,1436,40,3,Massa al dente mas molho podia ter mais sabor.,2024-07-02 16:00:00
444,615,17,5,Prato visivelmente feito com carinho. Sabor inigualável.,2024-05-28 01:00:00
445,1494,69,4,Risoto cremoso na medida certa.,2024-11-03 17:00:00
446,577,19,5,"Temperatura ideal na entrega, comida deliciosa.",2024-07-11 08:00:00
447,987,4,1,"Comida com gosto estranho, suspeito que estava estragada.",2024-07-14 01:00:00
448,1433,36,5,Nunca comi uma pizza tão crocante entregue em casa.,2024-12-03 18:00:00
449,707,30,2,"Itens básicos faltando, como guardanapo e talheres.",2024-02-08 17:00:00
450,1259,36,4,Massa artesanal com molho rico em sabor.,2024-01-06 23:00:00
451,142,53,5,"Temperatura ideal na entrega, comida deliciosa.",2024-06-08 05:00:00
452,1358,64,5,"Temperatura ideal na entrega, comida deliciosa.",2024-01-30 01:00:00
453,3,27,4,Frango grelhado perfeitamente temperado.,2024-05-11 11:00:00
454,1222,18,5,"Atendimento rápido, comida excepcional. Recomendo a todos.",2024-06-03 08:00:00
455,1870,46,5,"Entregou antes do prazo, tudo fresquinho!",2024-11-26 19:00:00
456,1623,4,3,Frango grelhado sem tempero marcante.,2024-11-29 17:00:00
457,340,14,4,Preço justo para a qualidade entregue.,2024-05-02 23:00:00
458,1770,78,5,"Atendimento rápido, comida excepcional. Recomendo a todos.",2024-12-10 15:00:00
459,1537,69,5,"Salada fresquíssima, parecia colhida na hora.",2024-12-04 19:00:00
460,484,59,4,"Entrega rápida e comida saborosa, 10/10!",2024-08-27 19:00:00
461,266,32,2,"Molho faltando, pedi extra e não veio.",2024-09-02 02:00:00
462,377,80,5,"Frango suculento, molho incrível, embalagem perfeita.",2024-03-29 08:00:00
463,742,40,5,"Entregou antes do prazo, tudo fresquinho!",2024-06-17 12:00:00
464,1014,62,2,Demorou mais que o prometido e o preço não justifica.,2024-06-21 07:00:00
465,440,34,3,Salada fresca mas molho muito ácido.,2024-04-26 07:00:00
466,272,9,1,"Pedido errado, recebi prato diferente do que pedi.",2024-05-05 23:00:00
467,185,24,1,"Errou o endereço, comida foi entregue no vizinho.",2024-05-19 05:00:00
468,940,31,4,Entregador simpático e cuidadoso com o pedido.,2024-02-26 12:00:00
469,245,42,3,"Atendimento neutro, comida sem destaque.",2024-06-09 00:00:00
470,932,56,4,Risoto cremoso na medida certa.,2024-11-03 18:00:00
471,446,2,3,Boa comida mas embalagem simples. Cumpriu o prometido.,2024-03-08 23:00:00
472,597,55,2,Qualidade caiu muito comparado ao que era antes.,2024-12-04 04:00:00
473,818,79,4,Restaurante caprichado nos detalhes. Vale o preço.,2024-09-22 07:00:00
474,1273,66,3,"Não voltarei toda semana, mas posso pedir de vez em quando.",2024-12-20 12:00:00
475,1677,42,4,Atendimento excelente e embalagem cuidadosa.,2024-03-31 04:00:00
476,487,67,4,"Sushi bem preparado, arroz na textura ideal.",2024-04-08 15:00:00
477,681,69,4,Frango grelhado perfeitamente temperado.,2024-09-15 23:00:00
478,416,32,1,"Sopa derramada na embalagem, completamente fria ao chegar.",2024-12-15 23:00:00
479,274,9,3,Frango grelhado sem tempero marcante.,2024-07-31 06:00:00
480,1472,73,3,"Entrega dentro do prazo, comida ok. Nada extraordinário.",2024-06-20 13:00:00
481,1830,66,3,"Pedido chegou completo, qualidade regular.",2024-04-26 04:00:00
482,1455,18,5,Entregou em 20 minutos e ainda com brinde. Excelente!,2024-09-25 02:00:00
483,251,44,3,"Prato bem montado, sabor dentro do esperado.",2024-11-24 06:00:00
484,414,17,3,"Chegou no prazo, sabor satisfatório.",2024-05-29 09:00:00
485,1386,67,4,"Comida incrível, super recomendo!",2024-04-02 02:00:00
486,1308,74,4,Pedi pela segunda vez e manteve a qualidade.,2024-05-19 09:00:00
487,716,19,4,Pizza crocante e bem distribuída. Parabéns ao restaurante.,2024-09-28 13:00:00
488,311,4,3,"Ok para o dia a dia, nada especial.",2024-11-18 08:00:00
489,927,60,5,Cada detalhe do prato estava perfeito. Arte na cozinha.,2024-04-16 14:00:00
490,382,76,1,Embalagem inadequada para frango assado. Chegou encharcado.,2024-12-01 23:00:00
491,1566,15,5,Voltei ao mesmo restaurante 5 vezes. Qualidade constante.,2024-10-16 04:00:00
492,426,47,1,Cobrou a mais e o pedido veio incompleto.,2024-10-16 09:00:00
493,1875,14,4,Pizza crocante e bem distribuída. Parabéns ao restaurante.,2024-10-28 06:00:00
494,533,6,3,"Comida caseira simples. Sem inovação, mas honesta.",2024-11-07 10:00:00
495,753,23,4,Qualidade consistente. Sempre bom ao pedir.,2024-09-04 05:00:00
496,766,73,3,"Comida caseira simples. Sem inovação, mas honesta.",2024-04-07 08:00:00
497,1357,58,5,Voltei ao mesmo restaurante 5 vezes. Qualidade constante.,2024-10-06 23:00:00
498,409,10,5,"Risoto perfeito, cremoso e com ingredientes nobres.",2024-09-21 10:00:00
499,1615,60,2,Demorou mais que o prometido e o preço não justifica.,2024-12-16 20:00:00
500,695,3,5,"Marmita completa, bem temperada e ainda quente.",2024-01-16 07:00:00
501,1739,23,3,"Prato bem montado, sabor dentro do esperado.",2024-01-13 22:00:00
502,549,73,4,"Prato caprichado, ingredientes frescos e saborosos.",2024-10-11 10:00:00
503,937,41,2,"Embalagem simples demais, comida misturou tudo.",2024-12-19 06:00:00
504,1390,57,3,"Entrega rápida, mas a comida era comum.",2024-10-17 07:00:00
505,1608,49,4,Sabor excelente e porção generosa.,2024-03-18 23:00:00
506,1940,29,2,"Refrigerante chegou quente, sem gelo nenhum.",2024-12-06 09:00:00
507,1482,12,4,Lanche com pão macio e ingredientes generosos.,2024-07-13 21:00:00
508,183,30,3,Boa comida mas embalagem simples. Cumpriu o prometido.,2024-04-09 19:00:00
509,1941,70,4,Pizza crocante e bem distribuída. Parabéns ao restaurante.,2024-10-16 22:00:00
510,1161,32,3,"Tudo certo, sem reclamações. Só não ficou surpreso.",2024-06-30 21:00:00
511,171,21,2,Comida ok mas fria. Precisa melhorar na entrega.,2024-10-19 21:00:00
512,293,2,3,Frango grelhado sem tempero marcante.,2024-10-08 06:00:00
513,562,68,5,Cada detalhe do prato estava perfeito. Arte na cozinha.,2024-11-24 10:00:00
514,1457,39,4,"Prato caprichado, ingredientes frescos e saborosos.",2024-02-05 01:00:00
515,1877,34,4,Comida saborosa e entrega dentro do prazo. Recomendo.,2024-04-12 16:00:00
516,1652,74,4,"Comida incrível, super recomendo!",2024-06-25 14:00:00
517,850,49,4,Risoto cremoso na medida certa.,2024-10-17 21:00:00
518,273,40,5,Superou todas as expectativas. Nota máxima com folga.,2024-08-15 00:00:00
519,1550,55,4,"Sushi bem preparado, arroz na textura ideal.",2024-12-31 04:00:00
520,1035,45,4,"Comida incrível, super recomendo!",2024-09-19 01:00:00
521,1744,53,3,"Não voltarei toda semana, mas posso pedir de vez em quando.",2024-01-10 17:00:00
522,372,68,5,Melhor hambúrguer que já comi por delivery.,2024-05-07 09:00:00
523,1670,38,5,Entrega relâmpago e comida na temperatura perfeita.,2024-09-08 12:00:00
524,722,32,2,"Itens básicos faltando, como guardanapo e talheres.",2024-12-19 04:00:00
525,734,70,5,"Frango suculento, molho incrível, embalagem perfeita.",2024-09-09 03:00:00
526,778,58,4,"Comida incrível, super recomendo!",2024-02-24 06:00:00
527,519,56,1,"Pedido errado, recebi prato diferente do que pedi.",2024-04-28 04:00:00
528,335,27,4,"Comida incrível, super recomendo!",2024-02-07 17:00:00
529,846,51,3,"Para saciar a fome cumpre o papel, mas não é destaque.",2024-02-22 16:00:00
530,1252,45,4,Massa artesanal com molho rico em sabor.,2024-05-24 02:00:00
531,1053,66,5,"Carne no ponto, molhos deliciosos e sobremesa de brinde.",2024-09-27 11:00:00
532,1924,66,4,Entregador simpático e cuidadoso com o pedido.,2024-08-16 02:00:00
533,16,53,5,"Carne no ponto, molhos deliciosos e sobremesa de brinde.",2024-03-01 00:00:00
534,708,15,4,"Sushi bem preparado, arroz na textura ideal.",2024-02-08 10:00:00
535,901,33,4,Restaurante caprichado nos detalhes. Vale o preço.,2024-06-07 11:00:00
536,1980,24,3,"Pedido correto, sabor mediano. Pode melhorar.",2024-09-25 01:00:00
537,1573,21,4,Entrega antes do prazo e tudo bem embalado.,2024-06-21 04:00:00
538,904,26,4,Qualidade consistente. Sempre bom ao pedir.,2024-11-28 05:00:00
539,466,26,4,"Comida incrível, super recomendo!",2024-09-23 07:00:00
540,1978,32,4,Comida chegou quente e bem embalada.,2024-12-16 04:00:00
541,200,32,5,Porção absurdamente generosa pelo preço cobrado.,2024-01-24 12:00:00
542,1207,1,4,Frango grelhado perfeitamente temperado.,2024-03-14 17:00:00
543,1056,39,2,"Itens básicos faltando, como guardanapo e talheres.",2024-02-05 14:00:00
544,1132,6,5,Qualidade de restaurante presencial em casa. Impressionante.,2024-09-06 05:00:00
545,1380,6,5,"Entregador gentil, comida impecável. Experiência 5 estrelas.",2024-01-09 07:00:00
546,999,61,1,Arroz empapado e feijão aguado. Parece sobra do dia anterior.,2024-04-04 14:00:00
547,728,70,2,"Pão do lanche estava duro, como se fosse de ontem.",2024-03-20 16:00:00
548,1772,16,2,"Refrigerante chegou quente, sem gelo nenhum.",2024-03-21 10:00:00
549,1910,36,5,Qualidade de restaurante presencial em casa. Impressionante.,2024-11-11 18:00:00
550,1822,76,3,"Entrega rápida, mas a comida era comum.",2024-10-27 17:00:00
551,568,58,2,Qualidade caiu muito comparado ao que era antes.,2024-01-02 02:00:00
552,44,11,3,"Razoável pelo preço. Já comi melhor, já comi pior.",2024-02-20 11:00:00
553,275,24,4,Frango grelhado perfeitamente temperado.,2024-11-06 02:00:00
554,1097,54,3,"Tudo certo, sem reclamações. Só não ficou surpreso.",2024-09-13 17:00:00
555,102,77,1,"Comida com gosto estranho, suspeito que estava estragada.",2024-01-06 18:00:00
556,1232,38,4,Qualidade consistente. Sempre bom ao pedir.,2024-08-16 16:00:00
557,1722,37,3,"Ok para o dia a dia, nada especial.",2024-03-08 16:00:00
558,1833,63,3,"Pedido correto, sabor mediano. Pode melhorar.",2024-02-19 05:00:00
559,108,69,5,Entregou em 20 minutos e ainda com brinde. Excelente!,2024-07-23 07:00:00
560,1618,21,2,"Embalagem simples demais, comida misturou tudo.",2024-07-03 22:00:00
561,498,74,4,"Prato caprichado, ingredientes frescos e saborosos.",2024-07-18 07:00:00
562,1981,21,5,Pedi pela segunda vez e não decepcionou.,2024-06-24 12:00:00
563,882,8,4,Qualidade consistente. Sempre bom ao pedir.,2024-08-26 21:00:00
564,757,70,1,Comida com cabelo. Não aceitarei mais pedidos desse restaurante.,2024-04-27 03:00:00
565,620,21,4,"Sushi bem preparado, arroz na textura ideal.",2024-01-13 02:00:00
566,1107,56,1,Entregador rude e pedido incompleto. Pior experiência.,2024-11-25 01:00:00
567,1936,14,4,Entregador simpático e cuidadoso com o pedido.,2024-09-23 10:00:00
568,810,13,2,"Embalagem de salada amassada, folhas murchas.",2024-10-03 16:00:00
569,1038,52,4,Adorei! Já virou meu favorito.,2024-12-15 05:00:00
570,73,58,2,Porção pequena para o preço. Fiquei com fome.,2024-08-24 05:00:00
571,1284,11,2,"Embalagem simples demais, comida misturou tudo.",2024-02-19 00:00:00
572,1272,4,3,"Comida caseira simples. Sem inovação, mas honesta.",2024-09-02 20:00:00
573,1335,52,4,Comida chegou quente e bem embalada.,2024-10-03 13:00:00
574,1459,17,3,"Embalagem funcional, comida na temperatura certa.",2024-08-20 00:00:00
575,482,68,4,Pizza crocante e bem distribuída. Parabéns ao restaurante.,2024-06-25 04:00:00
576,1069,76,4,Restaurante caprichado nos detalhes. Vale o preço.,2024-06-16 01:00:00
577,507,49,2,Demorou mais que o prometido e o preço não justifica.,2024-11-27 04:00:00
578,1238,35,5,"Marmita completa, bem temperada e ainda quente.",2024-12-06 20:00:00
579,1862,66,5,Melhor hambúrguer que já comi por delivery.,2024-10-06 22:00:00
580,1990,66,3,Restaurante cumpriu o básico esperado.,2024-06-24 08:00:00
581,1477,5,3,Restaurante cumpriu o básico esperado.,2024-05-11 15:00:00
582,1867,1,4,Preço justo para a qualidade entregue.,2024-06-10 13:00:00
583,1456,28,5,Pedi pela segunda vez e não decepcionou.,2024-05-01 09:00:00
584,312,50,4,Embalagem térmica manteve a comida quente.,2024-09-15 07:00:00
585,963,60,3,"Sabor agradável, porém a porção poderia ser maior.",2024-02-29 06:00:00
586,406,2,5,"Salada fresquíssima, parecia colhida na hora.",2024-01-27 01:00:00
587,1331,48,2,"Embalagem simples demais, comida misturou tudo.",2024-02-06 04:00:00
588,1650,30,4,"Comida incrível, super recomendo!",2024-10-16 04:00:00
589,310,56,5,Porção absurdamente generosa pelo preço cobrado.,2024-11-11 06:00:00
590,227,1,2,"Refrigerante chegou quente, sem gelo nenhum.",2024-01-24 07:00:00
591,1858,42,5,Melhor hambúrguer que já comi por delivery.,2024-08-06 03:00:00
592,711,55,3,Frango grelhado sem tempero marcante.,2024-02-17 11:00:00
593,1944,10,4,"Prato caprichado, ingredientes frescos e saborosos.",2024-12-05 06:00:00
594,1384,53,5,Voltei ao mesmo restaurante 5 vezes. Qualidade constante.,2024-06-13 06:00:00
595,1786,1,5,Perfeito! Exatamente como esperado.,2024-04-21 16:00:00
596,149,44,5,"Frango suculento, molho incrível, embalagem perfeita.",2024-05-16 13:00:00
597,1555,44,2,"Pão do lanche estava duro, como se fosse de ontem.",2024-07-16 01:00:00
598,1957,74,3,"Razoável pelo preço. Já comi melhor, já comi pior.",2024-09-12 01:00:00
599,926,28,4,Qualidade consistente. Sempre bom ao pedir.,2024-11-25 01:00:00
600,943,77,2,Atendimento via chat demorou muito para responder.,2024-11-24 07:00:00
601,837,58,4,"Prato caprichado, ingredientes frescos e saborosos.",2024-02-14 14:00:00
602,576,30,5,Superou todas as expectativas. Nota máxima com folga.,2024-08-10 22:00:00
603,558,41,3,Restaurante cumpriu o básico esperado.,2024-11-24 05:00:00
604,1236,49,4,Restaurante caprichado nos detalhes. Vale o preço.,2024-08-26 06:00:00
605,1361,11,5,"Marmita completa, bem temperada e ainda quente.",2024-08-04 05:00:00
606,1348,52,1,Cobrou a mais e o pedido veio incompleto.,2024-12-26 19:00:00
607,1162,2,5,"Atendimento rápido, comida excepcional. Recomendo a todos.",2024-04-13 20:00:00
608,1443,29,1,Faltaram itens no pedido. Paguei por algo que não veio.,2024-04-16 03:00:00
609,287,38,5,Voltei ao mesmo restaurante 5 vezes. Qualidade constante.,2024-04-29 23:00:00
610,1605,78,3,"Sabor agradável, porém a porção poderia ser maior.",2024-01-03 08:00:00
611,1058,63,3,"Razoável pelo preço. Já comi melhor, já comi pior.",2024-08-07 22:00:00
612,599,13,5,Cada detalhe do prato estava perfeito. Arte na cozinha.,2024-01-28 00:00:00
613,933,49,2,Entrega atrasou bastante e a comida chegou morna.,2024-02-05 15:00:00
614,1462,45,5,Sushi premium com peixe de qualidade superior.,2024-03-24 13:00:00
615,1638,67,4,Entregador simpático e cuidadoso com o pedido.,2024-06-25 04:00:00
616,1588,9,3,Boa comida mas embalagem simples. Cumpriu o prometido.,2024-05-23 17:00:00
617,1041,59,3,Massa al dente mas molho podia ter mais sabor.,2024-05-05 23:00:00
618,1231,75,5,Restaurante tratou o pedido com muito cuidado e carinho.,2024-08-19 13:00:00
619,807,51,2,"Sabor razoável, mas a porção foi bem menor que o esperado.",2024-03-01 10:00:00
620,905,19,3,"Comida caseira simples. Sem inovação, mas honesta.",2024-01-20 07:00:00
621,1680,13,5,"Entregou antes do prazo, tudo fresquinho!",2024-04-15 16:00:00
622,1205,23,4,Risoto cremoso na medida certa.,2024-06-13 16:00:00
623,768,43,4,Restaurante caprichado nos detalhes. Vale o preço.,2024-06-20 16:00:00
624,610,77,4,Frango grelhado perfeitamente temperado.,2024-03-24 17:00:00
625,1993,25,5,Sushi premium com peixe de qualidade superior.,2024-02-14 04:00:00
626,1565,37,3,Restaurante cumpriu o básico esperado.,2024-02-13 01:00:00
627,1423,47,3,Frango grelhado sem tempero marcante.,2024-09-20 11:00:00
628,1011,7,5,"Salada fresquíssima, parecia colhida na hora.",2024-07-23 15:00:00
629,494,30,5,"Frango suculento, molho incrível, embalagem perfeita.",2024-01-18 15:00:00
630,1321,67,3,"Embalagem funcional, comida na temperatura certa.",2024-08-20 18:00:00
631,278,69,1,"Comida chegou completamente fria, parece que ficou parada horas.",2024-03-20 09:00:00
632,1847,7,3,"Chegou no prazo, sabor satisfatório.",2024-10-25 00:00:00
633,359,69,2,"Entrega foi lenta, embalagem estava úmida.",2024-04-22 09:00:00
634,1111,67,3,"Tudo certo, sem reclamações. Só não ficou surpreso.",2024-01-04 00:00:00
635,237,22,4,Porção familiar com excelente custo-benefício.,2024-06-16 05:00:00
636,552,73,3,"Razoável pelo preço. Já comi melhor, já comi pior.",2024-05-27 15:00:00
637,1868,44,4,Churrasco macio e bem temperado.,2024-03-30 08:00:00
638,1813,15,4,Comida chegou quente e bem embalada.,2024-11-19 15:00:00
639,209,50,5,Prato visivelmente feito com carinho. Sabor inigualável.,2024-05-17 13:00:00
640,1387,9,2,Pizza com massa crua no meio. Precisava de mais tempo no forno.,2024-11-30 16:00:00
641,1561,19,5,Perfeito! Exatamente como esperado.,2024-06-18 09:00:00
642,59,37,1,"Sopa derramada na embalagem, completamente fria ao chegar.",2024-12-23 17:00:00
643,632,65,2,Porção pequena para o preço. Fiquei com fome.,2024-08-11 14:00:00
644,1962,28,4,Pedi pela segunda vez e manteve a qualidade.,2024-06-06 01:00:00
645,1860,20,5,"Marmita completa, bem temperada e ainda quente.",2024-06-11 05:00:00
646,1817,65,3,"Tudo certo, sem reclamações. Só não ficou surpreso.",2024-06-06 07:00:00
647,364,46,1,Arroz empapado e feijão aguado. Parece sobra do dia anterior.,2024-03-07 17:00:00
648,506,1,5,"Comida quente, bem temperada e porção farta. Perfeito.",2024-11-19 03:00:00
649,1166,14,5,Porção absurdamente generosa pelo preço cobrado.,2024-02-04 05:00:00
650,1122,27,4,"Comida incrível, super recomendo!",2024-04-04 11:00:00
651,1630,32,4,Pedi pela segunda vez e manteve a qualidade.,2024-06-04 12:00:00
652,1217,67,4,Adorei! Já virou meu favorito.,2024-06-02 16:00:00
653,1152,43,3,Massa al dente mas molho podia ter mais sabor.,2024-05-11 20:00:00
654,1125,50,3,"Entrega rápida, mas a comida era comum.",2024-10-29 13:00:00
655,1595,59,3,"Entrega dentro do prazo, comida ok. Nada extraordinário.",2024-07-17 06:00:00
656,119,37,5,Pedi pela segunda vez e não decepcionou.,2024-07-25 01:00:00
657,1250,11,4,Entrega antes do prazo e tudo bem embalado.,2024-12-17 19:00:00
658,1994,32,5,Porção absurdamente generosa pelo preço cobrado.,2024-05-16 08:00:00
659,523,26,5,"Marmita completa, bem temperada e ainda quente.",2024-11-12 12:00:00
660,514,43,2,"Molho faltando, pedi extra e não veio.",2024-02-09 22:00:00
661,82,17,2,"Entrega foi lenta, embalagem estava úmida.",2024-03-17 14:00:00
662,916,18,3,"Comida caseira simples. Sem inovação, mas honesta.",2024-02-29 08:00:00
663,1019,52,5,Voltei ao mesmo restaurante 5 vezes. Qualidade constante.,2024-09-11 13:00:00
664,381,2,2,"Pedido correto, mas qualidade abaixo do esperado pelo preço.",2024-10-27 03:00:00
665,1030,18,5,"Salada fresquíssima, parecia colhida na hora.",2024-06-29 04:00:00
666,1689,77,5,Restaurante tratou o pedido com muito cuidado e carinho.,2024-10-22 02:00:00
667,85,72,4,Massa artesanal com molho rico em sabor.,2024-09-21 12:00:00
668,1678,75,4,"Sushi bem preparado, arroz na textura ideal.",2024-09-03 17:00:00
669,330,68,5,Nunca comi uma pizza tão crocante entregue em casa.,2024-12-01 15:00:00
670,7,38,5,Nunca comi uma pizza tão crocante entregue em casa.,2024-02-28 15:00:00
671,746,68,4,Adorei! Já virou meu favorito.,2024-07-01 02:00:00
672,1554,11,4,"Sushi bem preparado, arroz na textura ideal.",2024-04-27 14:00:00
673,915,4,3,"Pedido chegou completo, qualidade regular.",2024-01-22 19:00:00
674,874,35,4,Lanche com pão macio e ingredientes generosos.,2024-01-29 19:00:00
675,452,37,3,"Prato bem montado, sabor dentro do esperado.",2024-06-24 12:00:00
676,491,80,1,"Pedido errado, recebi prato diferente do que pedi.",2024-05-23 04:00:00
677,1481,29,3,"Entrega dentro do prazo, comida ok. Nada extraordinário.",2024-09-07 08:00:00
678,288,31,2,Qualidade caiu muito comparado ao que era antes.,2024-08-18 17:00:00
679,949,49,4,Preço justo para a qualidade entregue.,2024-06-28 16:00:00
680,1986,31,4,Comida chegou quente e bem embalada.,2024-11-03 12:00:00
681,1369,53,5,Perfeito! Exatamente como esperado.,2024-06-23 15:00:00
682,1147,37,4,"Sushi bem preparado, arroz na textura ideal.",2024-03-14 02:00:00
683,706,44,3,"Comida caseira simples. Sem inovação, mas honesta.",2024-07-03 17:00:00
684,1727,18,4,Atendimento excelente e embalagem cuidadosa.,2024-01-25 00:00:00
685,1702,78,4,"Comida incrível, super recomendo!",2024-11-10 22:00:00
686,1629,71,3,Salada fresca mas molho muito ácido.,2024-02-02 18:00:00
687,1600,75,4,"Sushi bem preparado, arroz na textura ideal.",2024-03-08 00:00:00
688,1539,34,1,Entregador sumiu com o pedido. Tive que acionar o suporte.,2024-10-01 19:00:00
689,1406,1,4,Massa artesanal com molho rico em sabor.,2024-07-22 12:00:00
690,1651,48,4,Restaurante caprichado nos detalhes. Vale o preço.,2024-03-02 15:00:00
691,328,56,4,"Prato caprichado, ingredientes frescos e saborosos.",2024-12-22 11:00:00
692,443,62,3,"Embalagem funcional, comida na temperatura certa.",2024-06-07 18:00:00
693,775,13,5,Nunca comi uma pizza tão crocante entregue em casa.,2024-09-20 15:00:00
694,1088,39,5,Perfeito! Exatamente como esperado.,2024-11-02 12:00:00
695,1221,19,5,"Marmita completa, bem temperada e ainda quente.",2024-05-09 23:00:00
696,1636,60,2,Porção pequena para o preço. Fiquei com fome.,2024-02-06 16:00:00
697,178,9,4,Risoto cremoso na medida certa.,2024-05-30 03:00:00
698,1323,23,3,"Nada impressionante, mas também não decepciona.",2024-10-08 01:00:00
699,705,29,5,"Entregador gentil, comida impecável. Experiência 5 estrelas.",2024-12-05 03:00:00
700,87,50,2,Porção pequena para o preço. Fiquei com fome.,2024-02-01 15:00:00
701,1884,47,4,Risoto cremoso na medida certa.,2024-02-24 22:00:00
702,1948,48,3,Preço justo para o que oferece.,2024-09-11 18:00:00
703,458,30,5,"Risoto perfeito, cremoso e com ingredientes nobres.",2024-06-01 05:00:00
704,1829,59,2,Qualidade caiu muito comparado ao que era antes.,2024-10-02 06:00:00
705,55,14,2,"Sabor mediano, já comi muito melhor no mesmo estilo.",2024-08-05 01:00:00
706,1502,62,4,"Sushi bem preparado, arroz na textura ideal.",2024-11-03 10:00:00
707,644,11,3,"Razoável pelo preço. Já comi melhor, já comi pior.",2024-09-17 05:00:00
708,678,63,5,"Carne no ponto, molhos deliciosos e sobremesa de brinde.",2024-09-23 04:00:00
709,222,5,4,Adorei! Já virou meu favorito.,2024-09-07 21:00:00
710,114,5,5,Entregou em 20 minutos e ainda com brinde. Excelente!,2024-07-16 11:00:00
711,983,17,4,Comida saborosa e entrega dentro do prazo. Recomendo.,2024-05-20 19:00:00
712,1229,10,3,Boa comida mas embalagem simples. Cumpriu o prometido.,2024-03-24 04:00:00
713,1000,13,3,"Não voltarei toda semana, mas posso pedir de vez em quando.",2024-03-15 13:00:00
714,175,47,3,"Razoável pelo preço. Já comi melhor, já comi pior.",2024-03-01 04:00:00
715,782,65,2,"Sabor mediano, já comi muito melhor no mesmo estilo.",2024-11-23 22:00:00
716,590,34,2,Pedido atrasou 45 minutos além do prometido.,2024-10-26 09:00:00
717,1560,3,4,Porção familiar com excelente custo-benefício.,2024-12-09 04:00:00
718,19,63,4,"Entrega rápida e comida saborosa, 10/10!",2024-09-14 01:00:00
719,424,28,3,"Comida caseira simples. Sem inovação, mas honesta.",2024-02-20 21:00:00
720,1344,34,5,Cada detalhe do prato estava perfeito. Arte na cozinha.,2024-02-29 21:00:00
721,286,18,3,Boa comida mas embalagem simples. Cumpriu o prometido.,2024-11-18 20:00:00
722,1584,37,5,Voltei ao mesmo restaurante 5 vezes. Qualidade constante.,2024-08-30 15:00:00
723,429,66,3,Massa al dente mas molho podia ter mais sabor.,2024-06-18 23:00:00
724,1510,41,1,Pizza chegou fria e murcha. Parecia papelão.,2024-05-21 11:00:00
725,1319,13,5,"Carne no ponto, molhos deliciosos e sobremesa de brinde.",2024-04-02 05:00:00
726,670,30,4,Restaurante caprichado nos detalhes. Vale o preço.,2024-04-20 15:00:00
727,32,58,5,"Carne no ponto, molhos deliciosos e sobremesa de brinde.",2024-10-31 09:00:00
728,941,60,4,Qualidade consistente. Sempre bom ao pedir.,2024-07-26 09:00:00
729,723,21,3,Preço justo para o que oferece.,2024-11-10 00:00:00
730,995,52,4,Entrega antes do prazo e tudo bem embalado.,2024-05-22 20:00:00
731,215,76,5,Restaurante tratou o pedido com muito cuidado e carinho.,2024-06-20 02:00:00
732,814,44,4,Pizza crocante e bem distribuída. Parabéns ao restaurante.,2024-10-29 04:00:00
733,327,16,4,Lanche com pão macio e ingredientes generosos.,2024-07-23 20:00:00
734,561,6,4,Sabor excelente e porção generosa.,2024-11-13 05:00:00
735,1113,49,3,"Comida caseira simples. Sem inovação, mas honesta.",2024-02-23 17:00:00
736,701,74,3,"Pedido correto, sabor mediano. Pode melhorar.",2024-09-06 00:00:00
737,1579,7,4,"Prato caprichado, ingredientes frescos e saborosos.",2024-08-03 08:00:00
738,1190,15,2,Pedido atrasou 45 minutos além do prometido.,2024-11-26 13:00:00
739,342,37,2,"Sabor mediano, já comi muito melhor no mesmo estilo.",2024-02-02 13:00:00
740,630,51,5,Simplesmente incrível! Melhor delivery que já experimentei.,2024-04-15 22:00:00
741,148,76,4,Lanche com pão macio e ingredientes generosos.,2024-02-27 05:00:00
742,1310,31,4,Adorei! Já virou meu favorito.,2024-12-19 14:00:00
743,361,12,3,"Prato bem montado, sabor dentro do esperado.",2024-12-09 13:00:00
744,84,11,3,"Ok para o dia a dia, nada especial.",2024-06-10 03:00:00
745,49,70,1,Pedi sem cebola por alergia. Veio com cebola. Problema sério.,2024-07-13 23:00:00
746,469,61,4,Qualidade consistente. Sempre bom ao pedir.,2024-05-29 23:00:00
747,156,46,2,Atendimento via chat demorou muito para responder.,2024-03-28 04:00:00
748,773,52,1,Arroz empapado e feijão aguado. Parece sobra do dia anterior.,2024-12-27 11:00:00
749,1240,40,2,Porção pequena para o preço. Fiquei com fome.,2024-11-03 08:00:00
750,1201,46,2,Comida ok mas fria. Precisa melhorar na entrega.,2024-01-15 21:00:00
751,1403,18,3,"Não voltarei toda semana, mas posso pedir de vez em quando.",2024-09-27 07:00:00
752,1203,2,2,"Embalagem de salada amassada, folhas murchas.",2024-06-23 05:00:00
753,1631,9,5,Melhor restaurante que já pedi. Voltarei com certeza.,2024-12-17 19:00:00
754,501,28,2,Entrega atrasou bastante e a comida chegou morna.,2024-04-09 09:00:00
755,1765,35,3,"Razoável pelo preço. Já comi melhor, já comi pior.",2024-08-01 03:00:00
756,180,10,5,"Entregador gentil, comida impecável. Experiência 5 estrelas.",2024-07-23 23:00:00
757,1048,50,4,"Comida incrível, super recomendo!",2024-10-28 10:00:00
758,1756,8,3,"Porção adequada, sabor regular.",2024-04-26 22:00:00
759,951,28,2,"Sabor razoável, mas a porção foi bem menor que o esperado.",2024-04-02 14:00:00
760,1317,44,4,"Sushi bem preparado, arroz na textura ideal.",2024-11-04 07:00:00
761,1620,27,5,"Comida quente, bem temperada e porção farta. Perfeito.",2024-01-25 09:00:00
762,529,17,2,"Embalagem de salada amassada, folhas murchas.",2024-08-19 18:00:00
763,347,8,4,Comida saborosa e entrega dentro do prazo. Recomendo.,2024-09-02 10:00:00
764,1388,80,4,Pedi pela segunda vez e manteve a qualidade.,2024-04-03 23:00:00
765,1961,33,5,"Temperatura ideal na entrega, comida deliciosa.",2024-04-23 02:00:00
766,1051,60,4,Comida saborosa e entrega dentro do prazo. Recomendo.,2024-08-26 18:00:00
767,1973,4,4,Qualidade consistente. Sempre bom ao pedir.,2024-08-09 14:00:00
768,1442,69,4,Sabor excelente e porção generosa.,2024-09-15 00:00:00
769,602,78,5,"Entregou antes do prazo, tudo fresquinho!",2024-07-22 07:00:00
770,1282,6,4,Adorei! Já virou meu favorito.,2024-07-23 07:00:00
771,244,21,4,Lanche com pão macio e ingredientes generosos.,2024-11-01 09:00:00
772,1337,51,4,Comida chegou quente e bem embalada.,2024-01-08 21:00:00
773,1068,80,4,Salada fresca com ingredientes de qualidade.,2024-01-17 21:00:00
774,1476,74,5,Cada detalhe do prato estava perfeito. Arte na cozinha.,2024-05-24 23:00:00
775,313,26,3,Massa al dente mas molho podia ter mais sabor.,2024-01-07 07:00:00
776,436,42,4,Adorei! Já virou meu favorito.,2024-05-13 21:00:00
777,1899,50,3,Massa al dente mas molho podia ter mais sabor.,2024-09-12 04:00:00
778,1329,27,5,Pedi pela segunda vez e não decepcionou.,2024-10-26 14:00:00
779,309,59,4,Porção familiar com excelente custo-benefício.,2024-10-20 20:00:00
780,431,43,3,"Razoável pelo preço. Já comi melhor, já comi pior.",2024-01-18 05:00:00
781,661,74,4,Comida chegou quente e bem embalada.,2024-05-11 11:00:00
782,371,20,5,Simplesmente incrível! Melhor delivery que já experimentei.,2024-11-18 11:00:00
783,567,52,5,"Risoto perfeito, cremoso e com ingredientes nobres.",2024-06-29 10:00:00
784,980,28,5,"Salada fresquíssima, parecia colhida na hora.",2024-09-02 08:00:00
785,182,48,3,"Razoável pelo preço. Já comi melhor, já comi pior.",2024-01-25 12:00:00
786,1363,58,5,Voltei ao mesmo restaurante 5 vezes. Qualidade constante.,2024-06-26 17:00:00
787,622,46,1,"Errou o endereço, comida foi entregue no vizinho.",2024-03-19 06:00:00
788,819,64,1,"Molho derramado, embalagem completamente inadequada.",2024-12-10 00:00:00
789,1193,36,1,Arroz empapado e feijão aguado. Parece sobra do dia anterior.,2024-12-28 11:00:00
790,953,31,3,"Atendimento neutro, comida sem destaque.",2024-06-03 15:00:00
791,1422,1,4,Salada fresca com ingredientes de qualidade.,2024-04-08 09:00:00
792,1841,39,1,"Molho derramado, embalagem completamente inadequada.",2024-04-21 02:00:00
793,923,13,4,"Entrega rápida e comida saborosa, 10/10!",2024-12-02 05:00:00
794,1074,2,5,Nunca comi uma pizza tão crocante entregue em casa.,2024-04-16 02:00:00
795,297,66,2,Atendimento via chat demorou muito para responder.,2024-06-18 16:00:00
796,967,24,4,Porção familiar com excelente custo-benefício.,2024-06-19 18:00:00
797,462,74,4,Embalagem térmica manteve a comida quente.,2024-03-13 13:00:00
798,1303,21,4,Churrasco macio e bem temperado.,2024-07-12 05:00:00
799,1177,74,4,Lanche com pão macio e ingredientes generosos.,2024-04-13 14:00:00
800,378,68,2,"Comida chegou em temperatura morna, não quente.",2024-01-31 15:00:00
801,799,4,4,Restaurante caprichado nos detalhes. Vale o preço.,2024-11-15 08:00:00
802,1103,32,3,"Para saciar a fome cumpre o papel, mas não é destaque.",2024-04-24 02:00:00
803,106,54,3,"Tudo certo, sem reclamações. Só não ficou surpreso.",2024-02-01 02:00:00
804,127,72,3,Frango grelhado sem tempero marcante.,2024-04-24 19:00:00
805,1996,62,3,"Prato bem montado, sabor dentro do esperado.",2024-08-22 00:00:00
806,839,26,5,Entregou em 20 minutos e ainda com brinde. Excelente!,2024-03-05 17:00:00
807,356,43,5,"Comida quente, bem temperada e porção farta. Perfeito.",2024-05-16 12:00:00
808,1617,64,4,"Entrega rápida e comida saborosa, 10/10!",2024-10-09 06:00:00
809,683,60,4,Restaurante caprichado nos detalhes. Vale o preço.,2024-06-17 21:00:00
810,813,3,3,Tempo de espera razoável para a região.,2024-11-03 09:00:00
811,1681,39,1,"Embalagem rasgada, comida derramou toda na sacola.",2024-09-17 15:00:00
812,210,46,5,Cada detalhe do prato estava perfeito. Arte na cozinha.,2024-05-21 02:00:00
813,1493,68,4,Porção familiar com excelente custo-benefício.,2024-09-20 20:00:00
814,141,48,3,"Ok para o dia a dia, nada especial.",2024-02-25 10:00:00
815,1975,64,5,"Risoto perfeito, cremoso e com ingredientes nobres.",2024-10-30 10:00:00
816,1340,42,4,"Entrega rápida e comida saborosa, 10/10!",2024-02-19 00:00:00
817,1798,4,2,"Molho faltando, pedi extra e não veio.",2024-10-29 08:00:00
818,1575,76,5,Porção absurdamente generosa pelo preço cobrado.,2024-05-20 15:00:00
819,1182,19,4,Pedi pela segunda vez e manteve a qualidade.,2024-01-13 13:00:00
820,1394,71,5,"Temperatura ideal na entrega, comida deliciosa.",2024-09-20 17:00:00
821,1816,47,4,"Prato caprichado, ingredientes frescos e saborosos.",2024-05-24 11:00:00
822,712,45,4,Adorei! Já virou meu favorito.,2024-08-10 21:00:00
823,1794,29,2,Pedido atrasou 45 minutos além do prometido.,2024-05-22 12:00:00
824,893,78,4,Embalagem térmica manteve a comida quente.,2024-09-09 06:00:00
825,860,1,3,"Porção adequada, sabor regular.",2024-02-14 01:00:00
826,11,10,1,Faltaram itens no pedido. Paguei por algo que não veio.,2024-07-12 19:00:00
827,1695,5,4,Preço justo para a qualidade entregue.,2024-12-20 18:00:00
828,1428,32,4,"Comida incrível, super recomendo!",2024-04-11 15:00:00
829,283,52,5,Superou todas as expectativas. Nota máxima com folga.,2024-09-30 10:00:00
830,811,58,4,Entrega antes do prazo e tudo bem embalado.,2024-08-25 15:00:00
831,1342,23,3,Salada fresca mas molho muito ácido.,2024-12-21 22:00:00
832,292,68,4,Entrega antes do prazo e tudo bem embalado.,2024-02-17 15:00:00
833,755,80,2,"Embalagem simples demais, comida misturou tudo.",2024-06-24 13:00:00
834,627,50,3,Salada fresca mas molho muito ácido.,2024-06-21 20:00:00
835,944,36,2,Porção pequena para o preço. Fiquei com fome.,2024-09-16 08:00:00
836,862,28,3,Salada fresca mas molho muito ácido.,2024-01-26 05:00:00
837,130,45,4,Comida chegou quente e bem embalada.,2024-04-22 18:00:00
838,1176,37,3,Boa comida mas embalagem simples. Cumpriu o prometido.,2024-10-03 10:00:00
839,324,73,5,"Atendimento rápido, comida excepcional. Recomendo a todos.",2024-09-04 15:00:00
840,1091,50,3,"Sabor agradável, porém a porção poderia ser maior.",2024-07-16 13:00:00
841,844,56,3,"Tudo certo, sem reclamações. Só não ficou surpreso.",2024-03-19 01:00:00
842,964,35,2,"Molho faltando, pedi extra e não veio.",2024-11-02 22:00:00
843,1865,42,4,Comida saborosa e entrega dentro do prazo. Recomendo.,2024-05-20 03:00:00
844,866,24,4,Pedi pela segunda vez e manteve a qualidade.,2024-05-23 06:00:00
845,922,79,4,Comida chegou quente e bem embalada.,2024-02-20 09:00:00
846,696,27,5,"Entregou antes do prazo, tudo fresquinho!",2024-01-26 12:00:00
847,216,44,3,"Embalagem funcional, comida na temperatura certa.",2024-10-05 10:00:00
848,1781,47,5,"Salada fresquíssima, parecia colhida na hora.",2024-07-23 03:00:00
849,1262,38,4,Entregador simpático e cuidadoso com o pedido.,2024-11-15 18:00:00
850,159,8,4,Adorei! Já virou meu favorito.,2024-02-18 16:00:00
851,1059,66,3,Tempo de espera razoável para a região.,2024-01-29 19:00:00
852,989,17,4,Massa artesanal com molho rico em sabor.,2024-09-21 03:00:00
853,842,61,4,"Prato caprichado, ingredientes frescos e saborosos.",2024-02-19 20:00:00
854,635,2,5,Melhor hambúrguer que já comi por delivery.,2024-09-05 11:00:00
855,517,70,5,Simplesmente incrível! Melhor delivery que já experimentei.,2024-10-25 04:00:00
856,1429,12,2,"Comida chegou em temperatura morna, não quente.",2024-07-14 07:00:00
857,1748,12,1,Entrega levou mais de 2 horas. Absurdo!,2024-07-20 05:00:00
858,598,73,2,"Sabor mediano, já comi muito melhor no mesmo estilo.",2024-03-04 22:00:00
859,196,44,3,"Entrega rápida, mas a comida era comum.",2024-12-29 00:00:00
860,1784,79,5,Entrega relâmpago e comida na temperatura perfeita.,2024-05-14 09:00:00
861,870,54,4,Pizza crocante e bem distribuída. Parabéns ao restaurante.,2024-11-24 12:00:00
862,411,5,2,"Entrega foi lenta, embalagem estava úmida.",2024-03-17 05:00:00
863,97,71,5,Melhor hambúrguer que já comi por delivery.,2024-04-16 14:00:00
864,1001,34,2,"Sabor mediano, já comi muito melhor no mesmo estilo.",2024-08-26 14:00:00
865,1506,36,4,Adorei! Já virou meu favorito.,2024-07-14 04:00:00
866,157,78,5,Simplesmente incrível! Melhor delivery que já experimentei.,2024-08-17 20:00:00
867,420,75,4,Atendimento excelente e embalagem cuidadosa.,2024-03-07 11:00:00
868,1803,80,5,"Entregador gentil, comida impecável. Experiência 5 estrelas.",2024-10-06 20:00:00
869,478,52,5,Nunca comi uma pizza tão crocante entregue em casa.,2024-11-23 04:00:00
870,1856,17,4,"Entrega rápida e comida saborosa, 10/10!",2024-11-16 11:00:00
871,669,25,1,"Embalagem rasgada, comida derramou toda na sacola.",2024-01-18 15:00:00
872,1418,48,5,Voltei ao mesmo restaurante 5 vezes. Qualidade constante.,2024-08-11 23:00:00
873,1872,21,3,Tempo de espera razoável para a região.,2024-03-22 20:00:00
874,1300,52,5,Restaurante tratou o pedido com muito cuidado e carinho.,2024-06-10 18:00:00
875,448,17,5,"Marmita completa, bem temperada e ainda quente.",2024-01-12 18:00:00
876,554,24,4,"Sushi bem preparado, arroz na textura ideal.",2024-07-30 21:00:00
877,179,57,3,Tempo de espera razoável para a região.,2024-04-27 07:00:00
878,391,56,4,Qualidade consistente. Sempre bom ao pedir.,2024-11-08 12:00:00
879,579,19,5,Cada detalhe do prato estava perfeito. Arte na cozinha.,2024-04-25 12:00:00
880,1478,71,4,Adorei! Já virou meu favorito.,2024-09-24 10:00:00
881,1707,41,1,Faltaram itens no pedido. Paguei por algo que não veio.,2024-06-19 17:00:00
882,1288,22,4,Salada fresca com ingredientes de qualidade.,2024-06-29 08:00:00
883,1645,54,3,"Entrega rápida, mas a comida era comum.",2024-08-23 14:00:00
884,1024,29,2,Porção pequena para o preço. Fiquei com fome.,2024-11-30 13:00:00
885,821,13,5,Nunca comi uma pizza tão crocante entregue em casa.,2024-10-12 03:00:00
886,1825,7,3,"Embalagem funcional, comida na temperatura certa.",2024-02-20 18:00:00
887,985,28,5,Porção absurdamente generosa pelo preço cobrado.,2024-07-18 23:00:00
888,1339,26,4,"Comida incrível, super recomendo!",2024-05-03 22:00:00
889,665,72,3,"Prato bem montado, sabor dentro do esperado.",2024-02-17 13:00:00
890,143,27,3,"Prato bem montado, sabor dentro do esperado.",2024-04-06 06:00:00
891,1517,18,2,Demorou mais que o prometido e o preço não justifica.,2024-01-20 15:00:00
892,1430,5,3,"Embalagem funcional, comida na temperatura certa.",2024-12-01 14:00:00
893,865,1,5,Entregou em 20 minutos e ainda com brinde. Excelente!,2024-04-06 10:00:00
894,422,21,3,"Entrega rápida, mas a comida era comum.",2024-12-28 15:00:00
895,637,80,4,Porção familiar com excelente custo-benefício.,2024-05-01 10:00:00
896,1407,33,3,Boa comida mas embalagem simples. Cumpriu o prometido.,2024-07-12 12:00:00
897,800,15,4,Massa artesanal com molho rico em sabor.,2024-07-12 16:00:00
898,1404,73,3,"Não voltarei toda semana, mas posso pedir de vez em quando.",2024-01-10 00:00:00
899,616,32,2,Pizza com massa crua no meio. Precisava de mais tempo no forno.,2024-07-15 07:00:00
900,295,63,4,Qualidade consistente. Sempre bom ao pedir.,2024-03-24 13:00:00
901,924,10,4,"Prato caprichado, ingredientes frescos e saborosos.",2024-01-19 21:00:00
902,1269,6,1,"Errou o endereço, comida foi entregue no vizinho.",2024-07-11 04:00:00
903,1903,13,5,"Marmita completa, bem temperada e ainda quente.",2024-09-18 04:00:00
904,89,14,4,Pizza crocante e bem distribuída. Parabéns ao restaurante.,2024-07-27 10:00:00
905,42,44,1,Entrega levou mais de 2 horas. Absurdo!,2024-06-16 08:00:00
906,1802,59,2,"Entrega foi lenta, embalagem estava úmida.",2024-10-09 12:00:00
907,1934,21,4,Preço justo para a qualidade entregue.,2024-05-22 02:00:00
908,132,27,1,Pedi sem cebola por alergia. Veio com cebola. Problema sério.,2024-01-20 20:00:00
909,1002,22,4,Comida chegou quente e bem embalada.,2024-03-16 14:00:00
910,1158,49,4,Comida chegou quente e bem embalada.,2024-04-22 01:00:00
911,1095,43,2,Pizza com massa crua no meio. Precisava de mais tempo no forno.,2024-07-14 20:00:00
912,1855,40,4,Comida chegou quente e bem embalada.,2024-04-18 15:00:00
913,1345,65,5,"Risoto perfeito, cremoso e com ingredientes nobres.",2024-08-25 07:00:00
914,1499,74,2,Comida ok mas fria. Precisa melhorar na entrega.,2024-02-07 13:00:00
915,165,11,4,"Prato caprichado, ingredientes frescos e saborosos.",2024-11-04 16:00:00
916,725,28,3,"Para saciar a fome cumpre o papel, mas não é destaque.",2024-12-30 15:00:00
917,291,80,4,Atendimento excelente e embalagem cuidadosa.,2024-03-18 07:00:00
918,1209,36,5,Sushi premium com peixe de qualidade superior.,2024-06-04 21:00:00
919,1589,4,4,"Entrega rápida e comida saborosa, 10/10!",2024-01-18 14:00:00
920,1897,38,1,"Comida com gosto estranho, suspeito que estava estragada.",2024-10-04 03:00:00
921,1642,35,3,"Não voltarei toda semana, mas posso pedir de vez em quando.",2024-07-20 16:00:00
922,1362,45,4,Atendimento excelente e embalagem cuidadosa.,2024-08-23 10:00:00
923,779,16,4,Atendimento excelente e embalagem cuidadosa.,2024-05-07 08:00:00
924,840,67,5,Nunca comi uma pizza tão crocante entregue em casa.,2024-03-04 02:00:00
925,349,35,4,Restaurante caprichado nos detalhes. Vale o preço.,2024-10-14 02:00:00
926,1945,50,3,"Pedido chegou completo, qualidade regular.",2024-05-10 15:00:00
927,572,1,4,Lanche com pão macio e ingredientes generosos.,2024-07-25 17:00:00
928,918,70,4,Churrasco macio e bem temperado.,2024-08-06 14:00:00
929,977,76,3,"Não voltarei toda semana, mas posso pedir de vez em quando.",2024-11-12 19:00:00
930,1914,52,1,"Lanche amassado, batata frita encharcada de óleo.",2024-05-08 15:00:00
931,1469,2,5,Pedi pela segunda vez e não decepcionou.,2024-06-10 18:00:00
932,1592,14,4,Pizza crocante e bem distribuída. Parabéns ao restaurante.,2024-11-05 10:00:00
933,1318,14,5,"Atendimento rápido, comida excepcional. Recomendo a todos.",2024-09-01 09:00:00
934,1845,41,1,Cobrou a mais e o pedido veio incompleto.,2024-07-03 07:00:00
935,137,13,3,Tempo de espera razoável para a região.,2024-10-31 01:00:00
936,459,6,5,Restaurante tratou o pedido com muito cuidado e carinho.,2024-08-12 07:00:00
937,376,76,3,Massa al dente mas molho podia ter mais sabor.,2024-01-20 22:00:00
938,1343,65,4,Salada fresca com ingredientes de qualidade.,2024-03-07 05:00:00
939,334,47,4,"Sushi bem preparado, arroz na textura ideal.",2024-10-07 01:00:00
940,1160,47,5,Voltei ao mesmo restaurante 5 vezes. Qualidade constante.,2024-11-22 16:00:00
941,1761,19,4,Atendimento excelente e embalagem cuidadosa.,2024-11-15 02:00:00
942,1458,57,5,Entrega relâmpago e comida na temperatura perfeita.,2024-01-13 06:00:00
943,817,49,4,Churrasco macio e bem temperado.,2024-02-12 16:00:00
944,1115,22,3,"Ok para o dia a dia, nada especial.",2024-06-20 06:00:00
945,1006,7,3,Restaurante cumpriu o básico esperado.,2024-02-28 19:00:00
946,1857,57,4,Churrasco macio e bem temperado.,2024-03-20 04:00:00
947,1955,39,4,Lanche com pão macio e ingredientes generosos.,2024-10-27 23:00:00
948,1851,33,5,"Salada fresquíssima, parecia colhida na hora.",2024-12-04 23:00:00
949,911,39,5,"Carne no ponto, molhos deliciosos e sobremesa de brinde.",2024-01-25 04:00:00
950,1930,48,5,"Temperatura ideal na entrega, comida deliciosa.",2024-07-20 10:00:00
951,1126,19,3,"Para saciar a fome cumpre o papel, mas não é destaque.",2024-05-06 05:00:00
952,329,59,5,"Salada fresquíssima, parecia colhida na hora.",2024-07-23 01:00:00
953,1248,56,4,Embalagem térmica manteve a comida quente.,2024-03-08 06:00:00
954,319,44,4,Comida chegou quente e bem embalada.,2024-05-12 22:00:00
955,1690,23,4,"Prato caprichado, ingredientes frescos e saborosos.",2024-09-19 11:00:00
956,1359,24,5,"Carne no ponto, molhos deliciosos e sobremesa de brinde.",2024-09-21 09:00:00
957,1733,58,5,Prato visivelmente feito com carinho. Sabor inigualável.,2024-09-26 06:00:00
958,168,19,3,"Comida caseira simples. Sem inovação, mas honesta.",2024-07-07 00:00:00
959,13,16,3,"Porção adequada, sabor regular.",2024-04-18 08:00:00
960,1927,27,4,Pizza crocante e bem distribuída. Parabéns ao restaurante.,2024-03-28 07:00:00
961,172,18,3,Preço justo para o que oferece.,2024-09-30 18:00:00
962,650,65,3,Salada fresca mas molho muito ácido.,2024-09-30 18:00:00
963,1062,34,4,Embalagem térmica manteve a comida quente.,2024-07-05 08:00:00
964,261,29,3,"Para saciar a fome cumpre o papel, mas não é destaque.",2024-12-28 14:00:00
965,1367,54,5,Superou todas as expectativas. Nota máxima com folga.,2024-04-21 18:00:00
966,1549,80,2,"Pão do lanche estava duro, como se fosse de ontem.",2024-09-19 18:00:00
967,902,61,4,Preço justo para a qualidade entregue.,2024-12-13 21:00:00
968,673,55,4,"Prato caprichado, ingredientes frescos e saborosos.",2024-10-27 05:00:00
969,259,3,2,"Sabor mediano, já comi muito melhor no mesmo estilo.",2024-01-17 08:00:00
970,845,45,3,Salada fresca mas molho muito ácido.,2024-01-31 16:00:00
971,868,16,3,"Prato bem montado, sabor dentro do esperado.",2024-09-11 18:00:00
972,1800,8,3,Massa al dente mas molho podia ter mais sabor.,2024-07-05 01:00:00
973,139,38,3,"Chegou no prazo, sabor satisfatório.",2024-11-17 13:00:00
974,894,3,4,Frango grelhado perfeitamente temperado.,2024-12-28 08:00:00
975,1838,76,4,Churrasco macio e bem temperado.,2024-04-15 11:00:00
976,550,66,2,Demorou mais que o prometido e o preço não justifica.,2024-08-27 02:00:00
977,320,26,5,Restaurante tratou o pedido com muito cuidado e carinho.,2024-04-02 22:00:00
978,1527,9,3,"Pedido correto, sabor mediano. Pode melhorar.",2024-09-17 03:00:00
979,1806,72,4,Qualidade consistente. Sempre bom ao pedir.,2024-09-04 18:00:00
980,1178,49,3,"Pedido correto, sabor mediano. Pode melhorar.",2024-02-08 21:00:00
981,559,65,4,Embalagem térmica manteve a comida quente.,2024-10-05 14:00:00
982,140,75,4,"Comida incrível, super recomendo!",2024-09-21 13:00:00
983,1735,35,5,"Temperatura ideal na entrega, comida deliciosa.",2024-01-03 00:00:00
984,532,47,4,Sabor excelente e porção generosa.,2024-06-07 00:00:00
985,225,49,5,"Salada fresquíssima, parecia colhida na hora.",2024-07-04 10:00:00
986,724,24,5,Qualidade de restaurante presencial em casa. Impressionante.,2024-10-20 13:00:00
987,787,44,3,"Entrega rápida, mas a comida era comum.",2024-04-20 20:00:00
988,1718,26,5,Perfeito! Exatamente como esperado.,2024-12-18 14:00:00
989,1008,21,5,"Entregou antes do prazo, tudo fresquinho!",2024-09-10 07:00:00
990,410,24,4,Qualidade consistente. Sempre bom ao pedir.,2024-07-26 19:00:00
991,326,25,5,"Carne no ponto, molhos deliciosos e sobremesa de brinde.",2024-11-26 05:00:00
992,1766,9,1,Faltaram itens no pedido. Paguei por algo que não veio.,2024-06-11 06:00:00
993,300,33,3,"Pedido correto, sabor mediano. Pode melhorar.",2024-11-20 17:00:00
994,1263,74,4,Salada fresca com ingredientes de qualidade.,2024-03-13 08:00:00
995,1946,67,5,"Frango suculento, molho incrível, embalagem perfeita.",2024-12-06 11:00:00
996,26,33,1,"Comida chegou completamente fria, parece que ficou parada horas.",2024-04-25 21:00:00
997,1859,54,4,Restaurante caprichado nos detalhes. Vale o preço.,2024-02-11 16:00:00
998,715,26,3,Preço justo para o que oferece.,2024-06-25 10:00:00
999,1010,58,5,Melhor hambúrguer que já comi por delivery.,2024-07-22 15:00:00
1000,194,50,4,Atendimento excelente e embalagem cuidadosa.,2024-11-26 12:00:00
1001,441,43,4,Massa artesanal com molho rico em sabor.,2024-04-15 23:00:00
1002,574,32,3,"Tudo certo, sem reclamações. Só não ficou surpreso.",2024-05-08 10:00:00
1003,947,60,3,Massa al dente mas molho podia ter mais sabor.,2024-06-27 05:00:00
1004,998,54,5,Superou todas as expectativas. Nota máxima com folga.,2024-10-06 01:00:00
1005,504,60,3,"Ok para o dia a dia, nada especial.",2024-10-13 01:00:00
1006,606,26,3,Preço justo para o que oferece.,2024-08-08 12:00:00
1007,1717,36,5,Voltei ao mesmo restaurante 5 vezes. Qualidade constante.,2024-03-16 00:00:00
1008,1164,51,3,"Comida caseira simples. Sem inovação, mas honesta.",2024-11-28 11:00:00
1009,1787,78,5,Cada detalhe do prato estava perfeito. Arte na cozinha.,2024-11-17 04:00:00
1010,847,77,4,Lanche com pão macio e ingredientes generosos.,2024-05-07 08:00:00
1011,4,80,2,Pizza com massa crua no meio. Precisava de mais tempo no forno.,2024-09-16 21:00:00
1012,1287,44,2,"Pedido correto, mas qualidade abaixo do esperado pelo preço.",2024-02-24 14:00:00
1013,1223,66,4,Embalagem térmica manteve a comida quente.,2024-12-29 10:00:00
1014,468,30,3,"Ok para o dia a dia, nada especial.",2024-04-11 06:00:00
1015,322,28,4,Qualidade consistente. Sempre bom ao pedir.,2024-06-22 11:00:00
1016,6,50,5,Superou todas as expectativas. Nota máxima com folga.,2024-05-08 00:00:00
1017,223,21,3,"Pedido chegou completo, qualidade regular.",2024-10-07 17:00:00
1018,1375,4,4,Comida saborosa e entrega dentro do prazo. Recomendo.,2024-04-11 13:00:00
1019,548,48,5,Porção absurdamente generosa pelo preço cobrado.,2024-09-26 01:00:00
1020,229,5,3,"Pedido correto, sabor mediano. Pode melhorar.",2024-09-16 08:00:00
1021,40,74,2,"Itens básicos faltando, como guardanapo e talheres.",2024-04-29 03:00:00
1022,543,18,3,"Embalagem funcional, comida na temperatura certa.",2024-09-23 10:00:00
1023,243,72,4,Churrasco macio e bem temperado.,2024-10-25 23:00:00
1024,899,73,3,Salada fresca mas molho muito ácido.,2024-02-15 14:00:00
1025,1134,64,5,"Frango suculento, molho incrível, embalagem perfeita.",2024-05-22 17:00:00
1026,1449,51,5,Entrega relâmpago e comida na temperatura perfeita.,2024-03-26 02:00:00
1027,1869,22,2,"Embalagem de salada amassada, folhas murchas.",2024-02-29 11:00:00
1028,843,63,4,Porção familiar com excelente custo-benefício.,2024-08-23 05:00:00
1029,1419,61,4,Entregador simpático e cuidadoso com o pedido.,2024-09-29 14:00:00
1030,1654,30,4,Salada fresca com ingredientes de qualidade.,2024-10-21 03:00:00
1031,1970,73,4,Risoto cremoso na medida certa.,2024-11-16 15:00:00
1032,662,75,3,"Porção adequada, sabor regular.",2024-09-21 05:00:00
1033,1211,25,5,"Entregador gentil, comida impecável. Experiência 5 estrelas.",2024-12-05 02:00:00
1034,315,1,2,Pedido atrasou 45 minutos além do prometido.,2024-06-22 11:00:00
1035,692,68,4,Churrasco macio e bem temperado.,2024-05-20 12:00:00
1036,1504,74,2,"Pão do lanche estava duro, como se fosse de ontem.",2024-02-13 13:00:00
1037,425,22,1,"Prazo era 40 min, levou 2h30. Comida obviamente fria.",2024-12-16 15:00:00
1038,595,46,4,Entrega antes do prazo e tudo bem embalado.,2024-08-10 09:00:00
1039,1964,36,4,Atendimento excelente e embalagem cuidadosa.,2024-03-04 21:00:00
1040,623,43,3,"Atendimento neutro, comida sem destaque.",2024-06-20 14:00:00
1041,1171,33,2,"Frango ressecado, parecia requentado.",2024-10-05 10:00:00
1042,1044,11,4,Salada fresca com ingredientes de qualidade.,2024-02-05 07:00:00
1043,228,50,4,Massa artesanal com molho rico em sabor.,2024-11-10 01:00:00
1044,1118,78,1,"Sopa derramada na embalagem, completamente fria ao chegar.",2024-02-21 05:00:00
1045,1332,51,4,Entregador simpático e cuidadoso com o pedido.,2024-06-26 09:00:00
1046,1316,60,4,"Entrega rápida e comida saborosa, 10/10!",2024-08-05 00:00:00
1047,67,31,4,Risoto cremoso na medida certa.,2024-11-09 08:00:00
1048,25,79,3,Massa al dente mas molho podia ter mais sabor.,2024-01-09 10:00:00
1049,145,9,4,Frango grelhado perfeitamente temperado.,2024-11-13 01:00:00
1050,537,70,1,"Molho derramado, embalagem completamente inadequada.",2024-08-12 14:00:00
1051,812,66,2,"Sabor razoável, mas a porção foi bem menor que o esperado.",2024-06-13 13:00:00
1052,1467,61,3,Salada fresca mas molho muito ácido.,2024-01-25 18:00:00
1053,86,74,4,"Entrega rápida e comida saborosa, 10/10!",2024-12-28 22:00:00
1054,1661,19,2,"Embalagem de salada amassada, folhas murchas.",2024-01-13 07:00:00
1055,1646,37,3,Restaurante cumpriu o básico esperado.,2024-03-10 21:00:00
1056,1805,56,5,"Temperatura ideal na entrega, comida deliciosa.",2024-10-24 10:00:00
1057,1818,24,5,"Carne no ponto, molhos deliciosos e sobremesa de brinde.",2024-09-07 20:00:00
1058,1577,21,4,"Prato caprichado, ingredientes frescos e saborosos.",2024-12-12 03:00:00
1059,1145,25,4,Massa artesanal com molho rico em sabor.,2024-12-03 17:00:00
1060,363,78,4,Preço justo para a qualidade entregue.,2024-02-01 03:00:00
1061,1612,49,5,"Risoto perfeito, cremoso e com ingredientes nobres.",2024-12-05 15:00:00
1062,1866,37,4,Atendimento excelente e embalagem cuidadosa.,2024-09-10 19:00:00
1063,1027,78,3,"Tudo certo, sem reclamações. Só não ficou surpreso.",2024-03-10 07:00:00
1064,1031,46,4,Preço justo para a qualidade entregue.,2024-07-24 09:00:00
1065,1304,28,2,"Molho faltando, pedi extra e não veio.",2024-11-20 05:00:00
1066,1356,6,1,"Comida chegou completamente fria, parece que ficou parada horas.",2024-04-25 20:00:00
1067,1731,37,4,Risoto cremoso na medida certa.,2024-10-06 06:00:00
1068,666,57,4,Entregador simpático e cuidadoso com o pedido.,2024-07-25 13:00:00
1069,365,65,4,Qualidade consistente. Sempre bom ao pedir.,2024-04-06 02:00:00
1070,78,77,4,"Prato caprichado, ingredientes frescos e saborosos.",2024-03-01 05:00:00
1071,28,9,3,"Chegou no prazo, sabor satisfatório.",2024-12-30 01:00:00
1072,1437,45,5,Voltei ao mesmo restaurante 5 vezes. Qualidade constante.,2024-02-13 19:00:00
1073,526,68,1,Pizza chegou fria e murcha. Parecia papelão.,2024-08-26 19:00:00
1074,1835,24,5,Melhor restaurante que já pedi. Voltarei com certeza.,2024-04-03 11:00:00
1075,56,80,3,"Entrega dentro do prazo, comida ok. Nada extraordinário.",2024-02-09 04:00:00
1076,639,34,5,Perfeito! Exatamente como esperado.,2024-06-22 09:00:00
1077,303,64,5,"Risoto perfeito, cremoso e com ingredientes nobres.",2024-09-30 03:00:00
1078,719,74,1,Entregador sumiu com o pedido. Tive que acionar o suporte.,2024-10-14 14:00:00
1079,625,62,1,Pedi sem cebola por alergia. Veio com cebola. Problema sério.,2024-06-19 11:00:00
1080,8,43,3,"Para saciar a fome cumpre o papel, mas não é destaque.",2024-03-25 09:00:00
1081,804,4,5,Voltei ao mesmo restaurante 5 vezes. Qualidade constante.,2024-01-22 22:00:00
1082,1050,1,2,Pedido atrasou 45 minutos além do prometido.,2024-04-22 08:00:00
1083,337,3,3,Massa al dente mas molho podia ter mais sabor.,2024-08-11 17:00:00
1084,48,23,3,"Pedido chegou completo, qualidade regular.",2024-08-20 04:00:00
1085,1764,30,5,"Risoto perfeito, cremoso e com ingredientes nobres.",2024-11-13 19:00:00
1086,107,25,3,"Porção adequada, sabor regular.",2024-04-27 04:00:00
1087,350,74,2,Pedido atrasou 45 minutos além do prometido.,2024-03-26 20:00:00
1088,1080,52,4,Pizza crocante e bem distribuída. Parabéns ao restaurante.,2024-04-16 20:00:00
1089,239,58,1,"Prazo era 40 min, levou 2h30. Comida obviamente fria.",2024-08-17 18:00:00
1090,214,73,5,Simplesmente incrível! Melhor delivery que já experimentei.,2024-08-31 02:00:00
1091,1776,45,5,Entregou em 20 minutos e ainda com brinde. Excelente!,2024-08-03 20:00:00
1092,1139,63,4,"Entrega rápida e comida saborosa, 10/10!",2024-05-13 18:00:00
1093,794,12,5,"Risoto perfeito, cremoso e com ingredientes nobres.",2024-05-28 00:00:00
1094,1587,70,4,Embalagem térmica manteve a comida quente.,2024-09-27 10:00:00
1095,1583,68,4,Entregador simpático e cuidadoso com o pedido.,2024-02-27 22:00:00
1096,1672,16,3,"Embalagem funcional, comida na temperatura certa.",2024-03-12 09:00:00
1097,524,74,5,Melhor hambúrguer que já comi por delivery.,2024-07-02 21:00:00
1098,233,13,3,"Porção adequada, sabor regular.",2024-04-26 19:00:00
1099,645,21,5,"Temperatura ideal na entrega, comida deliciosa.",2024-11-08 22:00:00
1100,1508,79,4,"Entrega rápida e comida saborosa, 10/10!",2024-08-06 09:00:00
1101,534,53,4,Entregador simpático e cuidadoso com o pedido.,2024-08-04 10:00:00
1102,1942,61,4,Atendimento excelente e embalagem cuidadosa.,2024-05-30 20:00:00
1103,604,75,3,"Nada impressionante, mas também não decepciona.",2024-03-19 23:00:00
1104,1330,61,3,Tempo de espera razoável para a região.,2024-01-31 16:00:00
1105,1075,80,4,"Prato caprichado, ingredientes frescos e saborosos.",2024-02-05 21:00:00
1106,1305,17,4,Porção familiar com excelente custo-benefício.,2024-11-18 02:00:00
1107,61,79,3,"Pedido correto, sabor mediano. Pode melhorar.",2024-04-14 06:00:00
1108,1264,7,4,Risoto cremoso na medida certa.,2024-08-22 22:00:00
1109,93,4,5,Perfeito! Exatamente como esperado.,2024-12-05 06:00:00
1110,667,24,2,"Frango ressecado, parecia requentado.",2024-11-08 11:00:00
1111,281,43,5,Restaurante tratou o pedido com muito cuidado e carinho.,2024-10-08 07:00:00
1112,1114,46,5,Melhor hambúrguer que já comi por delivery.,2024-03-25 06:00:00
1113,360,69,4,Entrega antes do prazo e tudo bem embalado.,2024-12-03 16:00:00
1114,1129,11,3,Preço justo para o que oferece.,2024-12-19 00:00:00
1115,1170,25,1,"Molho derramado, embalagem completamente inadequada.",2024-12-29 22:00:00
1116,848,6,3,Massa al dente mas molho podia ter mais sabor.,2024-02-15 13:00:00
1117,1522,27,5,Voltei ao mesmo restaurante 5 vezes. Qualidade constante.,2024-07-04 23:00:00
1118,111,59,3,Salada fresca mas molho muito ácido.,2024-08-22 17:00:00
1119,43,19,5,Qualidade de restaurante presencial em casa. Impressionante.,2024-06-03 00:00:00
1120,126,37,3,"Para saciar a fome cumpre o papel, mas não é destaque.",2024-05-04 21:00:00
1121,205,65,5,"Frango suculento, molho incrível, embalagem perfeita.",2024-05-27 20:00:00
1122,53,47,4,Comida chegou quente e bem embalada.,2024-09-08 22:00:00
1123,546,6,4,Pizza crocante e bem distribuída. Parabéns ao restaurante.,2024-04-11 13:00:00
1124,69,18,4,Lanche com pão macio e ingredientes generosos.,2024-12-08 20:00:00
1125,1741,39,4,Massa artesanal com molho rico em sabor.,2024-02-08 07:00:00
1126,1548,57,5,"Salada fresquíssima, parecia colhida na hora.",2024-10-22 18:00:00
1127,184,28,3,"Chegou no prazo, sabor satisfatório.",2024-05-23 23:00:00
1128,138,9,3,Restaurante cumpriu o básico esperado.,2024-01-18 18:00:00
1129,900,18,4,Qualidade consistente. Sempre bom ao pedir.,2024-10-14 20:00:00
1130,797,5,2,Entrega atrasou bastante e a comida chegou morna.,2024-04-11 06:00:00
1131,133,32,4,Pedi pela segunda vez e manteve a qualidade.,2024-08-12 22:00:00
1132,81,77,5,Entregou em 20 minutos e ainda com brinde. Excelente!,2024-04-24 15:00:00
1133,1987,18,2,"Frango ressecado, parecia requentado.",2024-05-08 02:00:00
1134,1541,32,3,"Embalagem funcional, comida na temperatura certa.",2024-08-09 06:00:00
1135,542,80,3,"Não voltarei toda semana, mas posso pedir de vez em quando.",2024-08-01 20:00:00
1136,1669,75,5,"Risoto perfeito, cremoso e com ingredientes nobres.",2024-05-11 02:00:00
1137,984,62,3,"Não voltarei toda semana, mas posso pedir de vez em quando.",2024-10-08 00:00:00
1138,166,19,5,"Carne no ponto, molhos deliciosos e sobremesa de brinde.",2024-07-09 12:00:00
1139,249,35,4,Sabor excelente e porção generosa.,2024-10-11 13:00:00
1140,447,22,4,Sabor excelente e porção generosa.,2024-02-24 08:00:00
1141,1515,49,5,Melhor hambúrguer que já comi por delivery.,2024-07-08 15:00:00
1142,859,49,3,"Para saciar a fome cumpre o papel, mas não é destaque.",2024-09-06 06:00:00
1143,1212,19,1,Comida com cabelo. Não aceitarei mais pedidos desse restaurante.,2024-01-14 03:00:00
1144,98,58,2,"Sabor razoável, mas a porção foi bem menor que o esperado.",2024-10-23 20:00:00
1145,1974,51,1,Pizza chegou fria e murcha. Parecia papelão.,2024-02-23 09:00:00
1146,738,1,5,Entrega relâmpago e comida na temperatura perfeita.,2024-01-27 09:00:00
1147,1256,54,5,"Temperatura ideal na entrega, comida deliciosa.",2024-01-04 13:00:00
1148,103,29,3,"Atendimento neutro, comida sem destaque.",2024-06-26 02:00:00
1149,435,12,4,"Entrega rápida e comida saborosa, 10/10!",2024-08-27 22:00:00
1150,75,74,5,"Risoto perfeito, cremoso e com ingredientes nobres.",2024-12-28 16:00:00
1151,1792,31,5,"Salada fresquíssima, parecia colhida na hora.",2024-09-13 00:00:00
1152,1235,17,4,Comida saborosa e entrega dentro do prazo. Recomendo.,2024-01-03 13:00:00
1153,919,16,4,Comida chegou quente e bem embalada.,2024-06-08 17:00:00
1154,1712,62,1,"Comida chegou completamente fria, parece que ficou parada horas.",2024-07-24 14:00:00
1155,1671,62,5,Superou todas as expectativas. Nota máxima com folga.,2024-07-27 01:00:00
1156,1621,42,3,"Ok para o dia a dia, nada especial.",2024-07-14 00:00:00
1157,763,58,5,"Risoto perfeito, cremoso e com ingredientes nobres.",2024-06-16 05:00:00
1158,990,62,3,"Tudo certo, sem reclamações. Só não ficou surpreso.",2024-12-22 12:00:00
1159,389,64,2,Pedido atrasou 45 minutos além do prometido.,2024-02-27 19:00:00
1160,236,69,3,"Chegou no prazo, sabor satisfatório.",2024-08-28 16:00:00
1161,1507,38,4,Frango grelhado perfeitamente temperado.,2024-11-12 14:00:00
1162,268,62,4,Frango grelhado perfeitamente temperado.,2024-11-04 17:00:00
1163,1188,53,4,Adorei! Já virou meu favorito.,2024-05-24 21:00:00
1164,118,14,4,Massa artesanal com molho rico em sabor.,2024-08-07 10:00:00
1165,1607,62,3,Salada fresca mas molho muito ácido.,2024-03-28 17:00:00
1166,674,60,3,Frango grelhado sem tempero marcante.,2024-11-17 14:00:00
1167,250,30,2,"Sabor razoável, mas a porção foi bem menor que o esperado.",2024-02-06 07:00:00
1168,1453,63,4,Preço justo para a qualidade entregue.,2024-05-26 11:00:00
1169,1995,25,4,Salada fresca com ingredientes de qualidade.,2024-01-22 19:00:00
1170,95,13,5,Melhor restaurante que já pedi. Voltarei com certeza.,2024-09-29 22:00:00
1171,34,10,3,"Entrega dentro do prazo, comida ok. Nada extraordinário.",2024-07-13 03:00:00
1172,1464,12,4,"Sushi bem preparado, arroz na textura ideal.",2024-10-31 14:00:00
1173,1668,38,3,"Pedido chegou completo, qualidade regular.",2024-11-29 04:00:00
1174,449,1,2,Pedido atrasou 45 minutos além do prometido.,2024-12-22 23:00:00
1175,717,61,1,Entregador sumiu com o pedido. Tive que acionar o suporte.,2024-03-23 02:00:00
1176,1810,12,5,Restaurante tratou o pedido com muito cuidado e carinho.,2024-07-03 15:00:00
1177,1518,5,3,"Pedido correto, sabor mediano. Pode melhorar.",2024-12-24 21:00:00
1178,1,57,2,"Entrega foi lenta, embalagem estava úmida.",2024-12-15 06:00:00
1179,1376,28,4,Pedi pela segunda vez e manteve a qualidade.,2024-09-12 14:00:00
1180,1102,73,1,Faltaram itens no pedido. Paguei por algo que não veio.,2024-12-26 16:00:00
1181,1109,32,3,"Ok para o dia a dia, nada especial.",2024-03-21 10:00:00
1182,1227,5,5,"Temperatura ideal na entrega, comida deliciosa.",2024-10-19 03:00:00
1183,83,8,5,Cada detalhe do prato estava perfeito. Arte na cozinha.,2024-12-26 17:00:00
1184,1289,78,2,"Sabor mediano, já comi muito melhor no mesmo estilo.",2024-03-04 02:00:00
1185,677,33,4,Qualidade consistente. Sempre bom ao pedir.,2024-08-08 01:00:00
1186,1921,63,4,Risoto cremoso na medida certa.,2024-12-14 04:00:00
1187,1047,48,4,Embalagem térmica manteve a comida quente.,2024-05-29 01:00:00
1188,771,71,5,"Carne no ponto, molhos deliciosos e sobremesa de brinde.",2024-02-24 08:00:00
1189,1947,52,5,"Carne no ponto, molhos deliciosos e sobremesa de brinde.",2024-01-31 10:00:00
1190,1281,19,4,Porção familiar com excelente custo-benefício.,2024-05-14 07:00:00
1191,1581,6,1,Entrega levou mais de 2 horas. Absurdo!,2024-06-18 17:00:00
1192,1489,12,3,"Entrega dentro do prazo, comida ok. Nada extraordinário.",2024-05-12 06:00:00
1193,405,22,5,Voltei ao mesmo restaurante 5 vezes. Qualidade constante.,2024-08-26 09:00:00
1194,1728,28,5,Cada detalhe do prato estava perfeito. Arte na cozinha.,2024-10-27 10:00:00
1195,1299,24,3,"Ok para o dia a dia, nada especial.",2024-09-03 06:00:00
1196,1341,3,3,"Prato bem montado, sabor dentro do esperado.",2024-07-09 12:00:00
1197,105,9,3,"Sabor agradável, porém a porção poderia ser maior.",2024-08-02 18:00:00
1198,689,49,4,Entregador simpático e cuidadoso com o pedido.,2024-03-13 03:00:00
1199,1306,62,5,Restaurante tratou o pedido com muito cuidado e carinho.,2024-09-13 13:00:00
1200,827,25,4,Adorei! Já virou meu favorito.,2024-10-26 21:00:00
1201,63,31,5,"Frango suculento, molho incrível, embalagem perfeita.",2024-11-05 22:00:00
1202,853,8,3,Salada fresca mas molho muito ácido.,2024-01-29 13:00:00
1203,1354,38,2,"Entrega foi lenta, embalagem estava úmida.",2024-02-29 21:00:00
1204,224,3,4,Churrasco macio e bem temperado.,2024-10-31 10:00:00
1205,146,52,5,"Temperatura ideal na entrega, comida deliciosa.",2024-10-14 06:00:00
1206,1089,38,4,Embalagem térmica manteve a comida quente.,2024-05-20 01:00:00
1207,374,71,2,"Embalagem simples demais, comida misturou tudo.",2024-01-03 00:00:00
1208,1421,4,3,"Prato bem montado, sabor dentro do esperado.",2024-05-19 18:00:00
1209,1143,52,5,Superou todas as expectativas. Nota máxima com folga.,2024-02-09 16:00:00
1210,1827,47,2,"Embalagem simples demais, comida misturou tudo.",2024-03-13 18:00:00
1211,1495,48,4,Massa artesanal com molho rico em sabor.,2024-08-04 07:00:00
1212,1602,72,4,Lanche com pão macio e ingredientes generosos.,2024-06-07 11:00:00
1213,1271,50,2,Entrega atrasou bastante e a comida chegou morna.,2024-02-04 19:00:00
1214,10,19,4,Comida chegou quente e bem embalada.,2024-02-06 03:00:00
1215,450,68,5,"Entregador gentil, comida impecável. Experiência 5 estrelas.",2024-10-31 15:00:00
1216,709,76,3,"Embalagem funcional, comida na temperatura certa.",2024-01-05 19:00:00
1217,256,23,3,Restaurante cumpriu o básico esperado.,2024-05-30 14:00:00
1218,883,21,5,"Entregou antes do prazo, tudo fresquinho!",2024-10-08 12:00:00
1219,390,24,4,Qualidade consistente. Sempre bom ao pedir.,2024-08-10 03:00:00
1220,909,6,4,Sabor excelente e porção generosa.,2024-09-23 03:00:00
1221,925,55,4,Sabor excelente e porção generosa.,2024-02-23 22:00:00
1222,1704,46,3,Preço justo para o que oferece.,2024-04-14 05:00:00
1223,1233,18,4,Atendimento excelente e embalagem cuidadosa.,2024-01-25 13:00:00
1224,461,42,3,Restaurante cumpriu o básico esperado.,2024-04-17 04:00:00
1225,1270,72,4,Pizza crocante e bem distribuída. Parabéns ao restaurante.,2024-07-07 01:00:00
1226,1760,73,2,Atendimento via chat demorou muito para responder.,2024-04-07 18:00:00
1227,1169,28,3,Massa al dente mas molho podia ter mais sabor.,2024-08-30 17:00:00
1228,959,69,4,Restaurante caprichado nos detalhes. Vale o preço.,2024-08-27 11:00:00
1229,502,32,3,"Prato bem montado, sabor dentro do esperado.",2024-02-11 13:00:00
1230,740,67,2,"Sabor mediano, já comi muito melhor no mesmo estilo.",2024-01-03 15:00:00
1231,1850,38,4,Embalagem térmica manteve a comida quente.,2024-11-22 20:00:00
1232,869,72,5,Cada detalhe do prato estava perfeito. Arte na cozinha.,2024-11-08 06:00:00
1233,732,7,3,"Prato bem montado, sabor dentro do esperado.",2024-05-09 23:00:00
1234,540,57,4,"Sushi bem preparado, arroz na textura ideal.",2024-08-18 20:00:00
1235,1202,42,2,"Sabor mediano, já comi muito melhor no mesmo estilo.",2024-05-04 12:00:00
1236,698,16,5,"Atendimento rápido, comida excepcional. Recomendo a todos.",2024-03-19 00:00:00
1237,1393,9,4,Embalagem térmica manteve a comida quente.,2024-03-09 23:00:00
1238,1377,28,4,Embalagem térmica manteve a comida quente.,2024-04-23 04:00:00
1239,1146,41,5,"Atendimento rápido, comida excepcional. Recomendo a todos.",2024-09-02 19:00:00
1240,1032,33,4,Pedi pela segunda vez e manteve a qualidade.,2024-10-30 16:00:00
1241,373,22,3,"Entrega rápida, mas a comida era comum.",2024-05-26 01:00:00
1242,668,72,3,"Embalagem funcional, comida na temperatura certa.",2024-05-21 18:00:00
1243,1526,77,2,"Pão do lanche estava duro, como se fosse de ontem.",2024-03-18 14:00:00
1244,358,76,5,Melhor hambúrguer que já comi por delivery.,2024-03-10 21:00:00
1245,968,24,5,Voltei ao mesmo restaurante 5 vezes. Qualidade constante.,2024-08-01 15:00:00
1246,784,79,1,"Sopa derramada na embalagem, completamente fria ao chegar.",2024-10-02 02:00:00
1247,736,33,3,"Prato bem montado, sabor dentro do esperado.",2024-11-05 18:00:00
1248,1036,45,3,Salada fresca mas molho muito ácido.,2024-01-27 20:00:00
1249,971,16,4,Risoto cremoso na medida certa.,2024-07-12 21:00:00
1250,1525,54,2,"Sabor mediano, já comi muito melhor no mesmo estilo.",2024-04-03 23:00:00
1251,1487,36,3,Frango grelhado sem tempero marcante.,2024-02-29 20:00:00
1252,1524,78,5,Entregou em 20 minutos e ainda com brinde. Excelente!,2024-11-02 10:00:00
1253,1491,13,4,Adorei! Já virou meu favorito.,2024-06-23 09:00:00
1254,1643,55,5,"Salada fresquíssima, parecia colhida na hora.",2024-08-14 02:00:00
1255,1253,10,4,Comida chegou quente e bem embalada.,2024-07-15 17:00:00
1256,1694,51,5,Entregou em 20 minutos e ainda com brinde. Excelente!,2024-07-30 03:00:00
1257,1750,62,1,"Lanche amassado, batata frita encharcada de óleo.",2024-09-29 11:00:00
1258,1237,30,4,Restaurante caprichado nos detalhes. Vale o preço.,2024-09-04 20:00:00
1259,886,8,2,Demorou mais que o prometido e o preço não justifica.,2024-10-25 15:00:00
1260,80,67,3,Frango grelhado sem tempero marcante.,2024-09-15 03:00:00
1261,1173,39,4,Sabor excelente e porção generosa.,2024-09-08 06:00:00
1262,815,62,5,Perfeito! Exatamente como esperado.,2024-08-06 17:00:00
1263,1286,63,5,"Risoto perfeito, cremoso e com ingredientes nobres.",2024-09-08 04:00:00
1264,672,10,4,Embalagem térmica manteve a comida quente.,2024-11-05 05:00:00
1265,1532,41,4,"Comida incrível, super recomendo!",2024-01-05 02:00:00
1266,58,7,2,"Entrega foi lenta, embalagem estava úmida.",2024-03-27 05:00:00
1267,134,60,4,Porção familiar com excelente custo-benefício.,2024-07-20 11:00:00
1268,1141,59,4,Pedi pela segunda vez e manteve a qualidade.,2024-09-24 01:00:00
1269,934,14,4,Qualidade consistente. Sempre bom ao pedir.,2024-06-22 02:00:00
1270,1685,39,4,Preço justo para a qualidade entregue.,2024-06-28 20:00:00
1271,824,57,5,"Risoto perfeito, cremoso e com ingredientes nobres.",2024-08-16 14:00:00
1272,1215,22,5,Sushi premium com peixe de qualidade superior.,2024-02-28 13:00:00
1273,505,1,3,"Ok para o dia a dia, nada especial.",2024-07-06 11:00:00
1274,1775,12,2,"Sabor mediano, já comi muito melhor no mesmo estilo.",2024-06-10 13:00:00
1275,348,43,2,Demorou mais que o prometido e o preço não justifica.,2024-11-18 20:00:00
1276,387,51,5,"Temperatura ideal na entrega, comida deliciosa.",2024-05-15 06:00:00
1277,1025,5,3,"Entrega rápida, mas a comida era comum.",2024-06-25 20:00:00
1278,895,53,3,"Atendimento neutro, comida sem destaque.",2024-07-06 13:00:00
1279,829,53,3,"Não voltarei toda semana, mas posso pedir de vez em quando.",2024-02-07 21:00:00
1280,1893,3,4,Porção familiar com excelente custo-benefício.,2024-09-27 14:00:00
1281,476,25,4,Embalagem térmica manteve a comida quente.,2024-01-27 02:00:00
1282,1471,60,3,"Pedido correto, sabor mediano. Pode melhorar.",2024-11-10 15:00:00
1283,1448,4,5,Pedi pela segunda vez e não decepcionou.,2024-01-09 18:00:00
1284,1582,55,3,Tempo de espera razoável para a região.,2024-02-12 11:00:00
1285,653,48,5,Prato visivelmente feito com carinho. Sabor inigualável.,2024-03-04 19:00:00
1286,173,13,5,Entrega relâmpago e comida na temperatura perfeita.,2024-07-19 09:00:00
1287,1150,45,3,"Para saciar a fome cumpre o papel, mas não é destaque.",2024-03-03 04:00:00
1288,39,48,3,"Para saciar a fome cumpre o papel, mas não é destaque.",2024-06-14 14:00:00
1289,714,69,4,Qualidade consistente. Sempre bom ao pedir.,2024-11-05 19:00:00
1290,91,6,4,"Sushi bem preparado, arroz na textura ideal.",2024-03-12 15:00:00
1291,1937,70,3,Tempo de espera razoável para a região.,2024-09-12 06:00:00
1292,1206,59,4,Preço justo para a qualidade entregue.,2024-01-12 08:00:00
1293,876,74,5,"Entregador gentil, comida impecável. Experiência 5 estrelas.",2024-12-08 23:00:00
1294,1352,28,3,"Prato bem montado, sabor dentro do esperado.",2024-08-17 23:00:00
1295,1890,34,4,Preço justo para a qualidade entregue.,2024-01-02 17:00:00
1296,1094,4,5,Qualidade de restaurante presencial em casa. Impressionante.,2024-03-20 22:00:00
1297,1156,75,3,Salada fresca mas molho muito ácido.,2024-11-10 01:00:00
1298,1782,75,2,"Pão do lanche estava duro, como se fosse de ontem.",2024-02-09 12:00:00
1299,1959,72,4,Sabor excelente e porção generosa.,2024-05-22 01:00:00
1300,500,45,3,"Chegou no prazo, sabor satisfatório.",2024-06-26 16:00:00
1301,339,3,2,"Entrega foi lenta, embalagem estava úmida.",2024-09-17 11:00:00
1302,1189,48,4,Lanche com pão macio e ingredientes generosos.,2024-09-05 04:00:00
1303,29,49,3,"Comida caseira simples. Sem inovação, mas honesta.",2024-05-30 22:00:00
1304,1218,38,5,Cada detalhe do prato estava perfeito. Arte na cozinha.,2024-08-15 23:00:00
1305,1400,64,2,Atendimento via chat demorou muito para responder.,2024-05-16 16:00:00
1306,1821,29,4,Restaurante caprichado nos detalhes. Vale o preço.,2024-03-08 00:00:00
1307,946,51,5,"Atendimento rápido, comida excepcional. Recomendo a todos.",2024-11-06 22:00:00
1308,170,40,3,"Comida caseira simples. Sem inovação, mas honesta.",2024-08-17 04:00:00
1309,1405,68,2,Comida ok mas fria. Precisa melhorar na entrega.,2024-05-01 15:00:00
1310,1198,39,2,"Molho faltando, pedi extra e não veio.",2024-04-28 14:00:00
1311,1254,23,2,"Pedido correto, mas qualidade abaixo do esperado pelo preço.",2024-05-24 23:00:00
1312,1614,65,5,"Temperatura ideal na entrega, comida deliciosa.",2024-07-17 09:00:00
1313,913,60,4,Entregador simpático e cuidadoso com o pedido.,2024-08-19 15:00:00
1314,492,20,2,"Pão do lanche estava duro, como se fosse de ontem.",2024-05-29 00:00:00
1315,954,6,4,Sabor excelente e porção generosa.,2024-07-08 00:00:00
1316,1098,62,5,Melhor hambúrguer que já comi por delivery.,2024-09-26 07:00:00
1317,1033,35,5,Simplesmente incrível! Melhor delivery que já experimentei.,2024-08-03 12:00:00
1318,588,71,3,"Não voltarei toda semana, mas posso pedir de vez em quando.",2024-04-22 04:00:00
1319,751,71,2,"Pedido correto, mas qualidade abaixo do esperado pelo preço.",2024-05-02 04:00:00
1320,658,71,4,Restaurante caprichado nos detalhes. Vale o preço.,2024-01-21 19:00:00
1321,235,74,4,Comida saborosa e entrega dentro do prazo. Recomendo.,2024-07-07 04:00:00
1322,733,75,2,"Frango ressecado, parecia requentado.",2024-11-12 14:00:00
1323,1989,56,4,Comida chegou quente e bem embalada.,2024-07-15 07:00:00
1324,1633,25,5,"Salada fresquíssima, parecia colhida na hora.",2024-06-07 21:00:00
1325,1157,37,5,"Salada fresquíssima, parecia colhida na hora.",2024-06-10 09:00:00
1326,1470,15,5,"Comida quente, bem temperada e porção farta. Perfeito.",2024-07-08 19:00:00
1327,1425,59,3,"Entrega dentro do prazo, comida ok. Nada extraordinário.",2024-08-07 13:00:00
1328,1628,45,1,Entregador sumiu com o pedido. Tive que acionar o suporte.,2024-04-23 10:00:00
1329,935,34,1,Carne crua por dentro. Totalmente inaceitável.,2024-03-28 07:00:00
1330,1210,66,4,Pizza crocante e bem distribuída. Parabéns ao restaurante.,2024-03-06 07:00:00
1331,1066,3,5,"Comida quente, bem temperada e porção farta. Perfeito.",2024-08-07 16:00:00
1332,109,67,5,Voltei ao mesmo restaurante 5 vezes. Qualidade constante.,2024-10-24 10:00:00
1333,1543,57,4,Comida chegou quente e bem embalada.,2024-07-17 09:00:00
1334,569,5,2,"Pão do lanche estava duro, como se fosse de ontem.",2024-02-14 08:00:00
1335,1168,19,3,"Para saciar a fome cumpre o papel, mas não é destaque.",2024-11-15 17:00:00
1336,1175,22,4,Comida chegou quente e bem embalada.,2024-11-15 11:00:00
1337,891,37,5,Perfeito! Exatamente como esperado.,2024-10-22 03:00:00
1338,948,16,5,"Comida quente, bem temperada e porção farta. Perfeito.",2024-07-31 04:00:00
1339,1049,25,3,Restaurante cumpriu o básico esperado.,2024-02-09 18:00:00
1340,1353,12,5,"Marmita completa, bem temperada e ainda quente.",2024-10-18 19:00:00
1341,1778,39,3,Preço justo para o que oferece.,2024-12-05 17:00:00
1342,1447,12,1,"Sopa derramada na embalagem, completamente fria ao chegar.",2024-04-12 01:00:00
1343,885,52,3,"Entrega dentro do prazo, comida ok. Nada extraordinário.",2024-06-19 12:00:00
1344,1673,51,2,"Molho faltando, pedi extra e não veio.",2024-03-22 12:00:00
1345,851,71,5,Restaurante tratou o pedido com muito cuidado e carinho.,2024-09-24 15:00:00
1346,735,62,3,Salada fresca mas molho muito ácido.,2024-08-25 00:00:00
1347,718,28,5,Entregou em 20 minutos e ainda com brinde. Excelente!,2024-03-05 11:00:00
1348,455,6,5,"Temperatura ideal na entrega, comida deliciosa.",2024-10-31 19:00:00
1349,265,66,3,"Chegou no prazo, sabor satisfatório.",2024-11-08 19:00:00
1350,76,8,1,Embalagem inadequada para frango assado. Chegou encharcado.,2024-05-16 05:00:00
1351,1658,8,4,Frango grelhado perfeitamente temperado.,2024-08-19 19:00:00
1352,445,3,4,Sabor excelente e porção generosa.,2024-05-05 16:00:00
1353,396,35,5,"Frango suculento, molho incrível, embalagem perfeita.",2024-04-22 08:00:00
1354,177,45,4,Frango grelhado perfeitamente temperado.,2024-11-29 05:00:00
1355,1043,73,4,Risoto cremoso na medida certa.,2024-11-12 14:00:00
1356,1736,74,2,Comida ok mas fria. Precisa melhorar na entrega.,2024-10-18 07:00:00
1357,1402,25,4,"Entrega rápida e comida saborosa, 10/10!",2024-04-17 16:00:00
1358,1381,21,5,"Temperatura ideal na entrega, comida deliciosa.",2024-09-29 09:00:00
1359,596,12,2,"Molho faltando, pedi extra e não veio.",2024-02-26 19:00:00
1360,62,29,5,Nunca comi uma pizza tão crocante entregue em casa.,2024-11-17 18:00:00
1361,1297,33,3,Frango grelhado sem tempero marcante.,2024-06-01 12:00:00
1362,873,66,4,Atendimento excelente e embalagem cuidadosa.,2024-08-12 05:00:00
1363,1490,56,5,Superou todas as expectativas. Nota máxima com folga.,2024-08-31 19:00:00
1364,1879,50,4,Preço justo para a qualidade entregue.,2024-06-24 12:00:00
1365,279,80,2,"Embalagem simples demais, comida misturou tudo.",2024-06-05 10:00:00
1366,37,21,4,Porção familiar com excelente custo-benefício.,2024-04-18 01:00:00
1367,1976,23,5,Porção absurdamente generosa pelo preço cobrado.,2024-06-25 14:00:00
1368,663,17,4,Embalagem térmica manteve a comida quente.,2024-08-14 00:00:00
1369,1954,48,1,"Embalagem rasgada, comida derramou toda na sacola.",2024-10-10 20:00:00
1370,1445,34,4,"Sushi bem preparado, arroz na textura ideal.",2024-09-14 22:00:00
1371,978,21,5,Porção absurdamente generosa pelo preço cobrado.,2024-11-26 03:00:00
1372,1572,63,2,"Refrigerante chegou quente, sem gelo nenhum.",2024-06-03 10:00:00
1373,739,21,3,Restaurante cumpriu o básico esperado.,2024-11-16 08:00:00
1374,192,24,3,"Não voltarei toda semana, mas posso pedir de vez em quando.",2024-04-14 06:00:00
1375,920,5,3,Preço justo para o que oferece.,2024-05-11 04:00:00
1376,457,3,4,Pedi pela segunda vez e manteve a qualidade.,2024-02-20 17:00:00
1377,676,29,4,Salada fresca com ingredientes de qualidade.,2024-11-02 03:00:00
1378,761,59,3,Frango grelhado sem tempero marcante.,2024-10-23 00:00:00
1379,1808,33,1,"Pedido errado, recebi prato diferente do que pedi.",2024-02-08 16:00:00
1380,1603,59,5,Prato visivelmente feito com carinho. Sabor inigualável.,2024-11-20 22:00:00
1381,729,33,4,Comida saborosa e entrega dentro do prazo. Recomendo.,2024-02-18 05:00:00
1382,413,31,3,"Prato bem montado, sabor dentro do esperado.",2024-06-26 07:00:00
1383,1099,61,1,Pizza chegou fria e murcha. Parecia papelão.,2024-03-19 13:00:00
1384,826,6,5,"Temperatura ideal na entrega, comida deliciosa.",2024-12-08 14:00:00
1385,1640,2,5,"Frango suculento, molho incrível, embalagem perfeita.",2024-03-02 17:00:00
1386,617,67,3,"Entrega dentro do prazo, comida ok. Nada extraordinário.",2024-09-11 05:00:00
1387,115,65,4,Frango grelhado perfeitamente temperado.,2024-02-02 00:00:00
1388,418,76,4,Risoto cremoso na medida certa.,2024-12-17 00:00:00
1389,1911,49,5,Simplesmente incrível! Melhor delivery que já experimentei.,2024-01-21 02:00:00
1390,970,13,4,"Sushi bem preparado, arroz na textura ideal.",2024-04-28 15:00:00
1391,605,39,5,"Atendimento rápido, comida excepcional. Recomendo a todos.",2024-10-20 07:00:00
1392,1919,56,3,Restaurante cumpriu o básico esperado.,2024-09-11 13:00:00
1393,90,14,2,Demorou mais que o prometido e o preço não justifica.,2024-01-01 10:00:00
1394,849,41,3,"Não voltarei toda semana, mas posso pedir de vez em quando.",2024-01-31 06:00:00
1395,1520,28,2,"Pão do lanche estava duro, como se fosse de ontem.",2024-03-28 20:00:00
1396,1918,17,4,Risoto cremoso na medida certa.,2024-06-21 20:00:00
1397,754,16,1,"Comida chegou completamente fria, parece que ficou parada horas.",2024-09-27 03:00:00
1398,499,37,3,"Tudo certo, sem reclamações. Só não ficou surpreso.",2024-11-30 02:00:00
1399,1277,19,4,Churrasco macio e bem temperado.,2024-02-21 07:00:00
1400,1326,71,4,Adorei! Já virou meu favorito.,2024-03-29 21:00:00
1401,12,27,4,Adorei! Já virou meu favorito.,2024-10-10 19:00:00
1402,397,4,2,Demorou mais que o prometido e o preço não justifica.,2024-05-01 16:00:00
1403,285,15,4,Pizza crocante e bem distribuída. Parabéns ao restaurante.,2024-02-23 06:00:00
1404,1067,46,4,Atendimento excelente e embalagem cuidadosa.,2024-09-06 03:00:00
1405,1192,29,5,"Temperatura ideal na entrega, comida deliciosa.",2024-01-27 13:00:00
1406,1745,33,4,Pedi pela segunda vez e manteve a qualidade.,2024-01-04 06:00:00
1407,691,15,5,"Marmita completa, bem temperada e ainda quente.",2024-03-04 17:00:00
1408,1753,26,4,"Prato caprichado, ingredientes frescos e saborosos.",2024-10-07 13:00:00
1409,1876,5,3,Tempo de espera razoável para a região.,2024-10-17 14:00:00
1410,690,17,2,"Comida chegou em temperatura morna, não quente.",2024-08-27 06:00:00
1411,852,70,5,"Comida quente, bem temperada e porção farta. Perfeito.",2024-11-29 23:00:00
1412,160,45,3,"Entrega dentro do prazo, comida ok. Nada extraordinário.",2024-12-14 04:00:00
1413,896,47,2,Comida ok mas fria. Precisa melhorar na entrega.,2024-10-19 05:00:00
1414,1576,31,2,"Pão do lanche estava duro, como se fosse de ontem.",2024-10-10 12:00:00
1415,258,45,4,"Prato caprichado, ingredientes frescos e saborosos.",2024-06-15 18:00:00
1416,336,65,3,"Razoável pelo preço. Já comi melhor, já comi pior.",2024-04-06 05:00:00
1417,1880,75,3,Tempo de espera razoável para a região.,2024-02-02 17:00:00
1418,1040,29,3,"Para saciar a fome cumpre o papel, mas não é destaque.",2024-08-21 09:00:00
1419,516,21,5,"Carne no ponto, molhos deliciosos e sobremesa de brinde.",2024-08-23 23:00:00
1420,1349,1,3,Salada fresca mas molho muito ácido.,2024-01-11 10:00:00
1421,1016,15,5,"Frango suculento, molho incrível, embalagem perfeita.",2024-03-20 18:00:00
1422,769,16,4,Restaurante caprichado nos detalhes. Vale o preço.,2024-07-16 21:00:00
1423,1747,9,3,Massa al dente mas molho podia ter mais sabor.,2024-06-01 03:00:00
1424,762,56,3,Tempo de espera razoável para a região.,2024-01-22 04:00:00
1425,1247,22,3,"Não voltarei toda semana, mas posso pedir de vez em quando.",2024-05-29 20:00:00
1426,1204,75,2,"Molho faltando, pedi extra e não veio.",2024-07-13 00:00:00
1427,1468,34,5,"Entregador gentil, comida impecável. Experiência 5 estrelas.",2024-01-28 13:00:00
1428,1984,44,4,Comida saborosa e entrega dentro do prazo. Recomendo.,2024-05-20 05:00:00
1429,522,3,3,"Razoável pelo preço. Já comi melhor, já comi pior.",2024-05-30 05:00:00
1430,23,31,4,Entregador simpático e cuidadoso com o pedido.,2024-05-21 21:00:00
1431,357,18,4,Risoto cremoso na medida certa.,2024-03-08 02:00:00
1432,1278,77,5,"Salada fresquíssima, parecia colhida na hora.",2024-10-26 04:00:00
1433,1313,49,2,Entrega atrasou bastante e a comida chegou morna.,2024-08-16 02:00:00
1434,1683,76,2,Entrega atrasou bastante e a comida chegou morna.,2024-04-11 19:00:00
1435,341,31,3,"Pedido correto, sabor mediano. Pode melhorar.",2024-12-24 07:00:00
1436,432,27,1,Pedi sem cebola por alergia. Veio com cebola. Problema sério.,2024-07-15 17:00:00
1437,474,47,3,Tempo de espera razoável para a região.,2024-10-03 18:00:00
1438,218,54,4,Entregador simpático e cuidadoso com o pedido.,2024-06-13 12:00:00
1439,912,30,5,Cada detalhe do prato estava perfeito. Arte na cozinha.,2024-02-02 00:00:00
1440,1228,3,5,Melhor hambúrguer que já comi por delivery.,2024-07-27 19:00:00
1441,1597,45,5,"Temperatura ideal na entrega, comida deliciosa.",2024-04-17 18:00:00
1442,1012,72,2,"Sabor mediano, já comi muito melhor no mesmo estilo.",2024-01-31 16:00:00
1443,1950,63,4,Entrega antes do prazo e tudo bem embalado.,2024-11-09 19:00:00
1444,94,49,2,"Refrigerante chegou quente, sem gelo nenhum.",2024-05-06 21:00:00
1445,1009,14,4,Pedi pela segunda vez e manteve a qualidade.,2024-09-03 08:00:00
1446,1071,77,5,"Marmita completa, bem temperada e ainda quente.",2024-09-21 11:00:00
1447,1093,29,5,"Entregou antes do prazo, tudo fresquinho!",2024-04-30 10:00:00
1448,1915,12,5,Entregou em 20 minutos e ainda com brinde. Excelente!,2024-10-10 11:00:00
1449,1309,8,3,"Pedido correto, sabor mediano. Pode melhorar.",2024-04-04 22:00:00
1450,697,25,2,"Comida chegou em temperatura morna, não quente.",2024-02-15 01:00:00
1451,1828,23,4,Restaurante caprichado nos detalhes. Vale o preço.,2024-08-24 10:00:00
1452,997,10,1,"Errou o endereço, comida foi entregue no vizinho.",2024-09-15 16:00:00
1453,154,30,5,"Risoto perfeito, cremoso e com ingredientes nobres.",2024-10-14 15:00:00
1454,1100,50,3,"Tudo certo, sem reclamações. Só não ficou surpreso.",2024-01-05 22:00:00
1455,1719,55,5,"Temperatura ideal na entrega, comida deliciosa.",2024-09-29 10:00:00
1456,1998,16,1,Faltaram itens no pedido. Paguei por algo que não veio.,2024-07-11 18:00:00
1457,790,65,3,"Atendimento neutro, comida sem destaque.",2024-07-19 20:00:00
1458,581,59,5,Superou todas as expectativas. Nota máxima com folga.,2024-03-05 20:00:00
1459,704,72,4,Atendimento excelente e embalagem cuidadosa.,2024-10-18 04:00:00
1460,1213,77,5,Superou todas as expectativas. Nota máxima com folga.,2024-10-11 15:00:00
1461,1296,44,2,Entrega atrasou bastante e a comida chegou morna.,2024-05-10 02:00:00
1462,1666,52,4,Frango grelhado perfeitamente temperado.,2024-07-22 10:00:00
1463,1261,60,2,"Entrega foi lenta, embalagem estava úmida.",2024-10-03 15:00:00
1464,488,57,4,"Sushi bem preparado, arroz na textura ideal.",2024-01-30 22:00:00
1465,560,40,4,Massa artesanal com molho rico em sabor.,2024-07-17 08:00:00
1466,1142,55,4,"Entrega rápida e comida saborosa, 10/10!",2024-07-13 00:00:00
1467,1120,24,4,Sabor excelente e porção generosa.,2024-05-22 19:00:00
1468,802,71,3,"Nada impressionante, mas também não decepciona.",2024-10-27 07:00:00
1469,513,70,2,"Pão do lanche estava duro, como se fosse de ontem.",2024-09-18 19:00:00
1470,634,22,5,Pedi pela segunda vez e não decepcionou.,2024-03-29 16:00:00
1471,1922,79,5,Sushi premium com peixe de qualidade superior.,2024-01-01 23:00:00
1472,1788,22,1,"Comida chegou completamente fria, parece que ficou parada horas.",2024-04-04 23:00:00
1473,1546,70,1,Entregador rude e pedido incompleto. Pior experiência.,2024-05-21 08:00:00
1474,1151,26,4,Atendimento excelente e embalagem cuidadosa.,2024-03-10 12:00:00
1475,791,15,1,"Prazo era 40 min, levou 2h30. Comida obviamente fria.",2024-11-07 21:00:00
1476,117,80,5,"Carne no ponto, molhos deliciosos e sobremesa de brinde.",2024-09-11 15:00:00
1477,741,23,4,Qualidade consistente. Sempre bom ao pedir.,2024-05-04 23:00:00
1478,1691,44,3,Restaurante cumpriu o básico esperado.,2024-12-21 16:00:00
1479,1082,56,5,Nunca comi uma pizza tão crocante entregue em casa.,2024-04-15 08:00:00
1480,831,27,2,"Pão do lanche estava duro, como se fosse de ontem.",2024-05-24 18:00:00
1481,120,59,2,Pedido atrasou 45 minutos além do prometido.,2024-09-18 11:00:00
1482,657,4,1,Faltaram itens no pedido. Paguei por algo que não veio.,2024-03-27 16:00:00
1483,1908,2,4,"Entrega rápida e comida saborosa, 10/10!",2024-06-04 16:00:00
1484,636,74,2,"Itens básicos faltando, como guardanapo e talheres.",2024-12-02 08:00:00
1485,370,60,3,Preço justo para o que oferece.,2024-05-07 02:00:00
1486,269,66,2,"Refrigerante chegou quente, sem gelo nenhum.",2024-06-26 09:00:00
1487,656,74,1,"Lanche amassado, batata frita encharcada de óleo.",2024-03-18 22:00:00
1488,936,13,3,"Pedido chegou completo, qualidade regular.",2024-10-31 16:00:00
1489,823,6,3,Massa al dente mas molho podia ter mais sabor.,2024-08-29 20:00:00
1490,867,72,3,"Prato bem montado, sabor dentro do esperado.",2024-05-23 00:00:00
1491,47,66,5,"Salada fresquíssima, parecia colhida na hora.",2024-10-27 01:00:00
1492,1374,46,5,Qualidade de restaurante presencial em casa. Impressionante.,2024-10-11 11:00:00
1493,1709,75,4,Qualidade consistente. Sempre bom ao pedir.,2024-02-28 11:00:00
1494,992,59,1,Pizza chegou fria e murcha. Parecia papelão.,2024-01-10 06:00:00
1495,877,18,3,"Para saciar a fome cumpre o papel, mas não é destaque.",2024-05-14 12:00:00
1496,774,8,5,"Atendimento rápido, comida excepcional. Recomendo a todos.",2024-12-06 16:00:00
1497,1220,33,1,Arroz empapado e feijão aguado. Parece sobra do dia anterior.,2024-01-01 13:00:00
1498,2000,31,5,"Risoto perfeito, cremoso e com ingredientes nobres.",2024-05-26 03:00:00
1499,5,4,5,"Carne no ponto, molhos deliciosos e sobremesa de brinde.",2024-04-29 10:00:00
1500,1004,34,2,"Frango ressecado, parecia requentado.",2024-07-24 18:00:00
1501,1724,17,3,Restaurante cumpriu o básico esperado.,2024-07-10 02:00:00
1502,264,39,1,"Comida com gosto estranho, suspeito que estava estragada.",2024-10-03 09:00:00
1503,1570,20,3,"Entrega dentro do prazo, comida ok. Nada extraordinário.",2024-01-18 01:00:00
1504,1831,53,3,"Atendimento neutro, comida sem destaque.",2024-06-09 09:00:00
1505,444,80,5,Porção absurdamente generosa pelo preço cobrado.,2024-06-27 01:00:00
1506,1003,1,5,"Entregou antes do prazo, tudo fresquinho!",2024-08-13 13:00:00
1507,1078,24,2,Pedido atrasou 45 minutos além do prometido.,2024-02-21 20:00:00
1508,838,48,5,Cada detalhe do prato estava perfeito. Arte na cozinha.,2024-01-30 01:00:00
1509,1791,18,5,Restaurante tratou o pedido com muito cuidado e carinho.,2024-01-25 04:00:00
1510,305,57,4,Risoto cremoso na medida certa.,2024-02-20 18:00:00
1511,1366,42,3,Preço justo para o que oferece.,2024-04-11 08:00:00
1512,1558,56,3,"Embalagem funcional, comida na temperatura certa.",2024-09-29 03:00:00
1513,314,58,5,Nunca comi uma pizza tão crocante entregue em casa.,2024-05-03 12:00:00
1514,150,8,4,Frango grelhado perfeitamente temperado.,2024-03-31 17:00:00
1515,1149,74,2,"Frango ressecado, parecia requentado.",2024-02-22 20:00:00
1516,1214,45,5,Voltei ao mesmo restaurante 5 vezes. Qualidade constante.,2024-08-15 01:00:00
1517,575,58,2,Comida ok mas fria. Precisa melhorar na entrega.,2024-02-11 00:00:00
1518,51,8,3,"Prato bem montado, sabor dentro do esperado.",2024-06-29 23:00:00
1519,1553,53,3,Restaurante cumpriu o básico esperado.,2024-02-16 21:00:00
1520,727,26,4,"Prato caprichado, ingredientes frescos e saborosos.",2024-10-26 04:00:00
1521,834,70,3,"Prato bem montado, sabor dentro do esperado.",2024-04-29 17:00:00
1522,1378,77,4,Frango grelhado perfeitamente temperado.,2024-11-27 01:00:00
1523,1116,16,2,"Embalagem simples demais, comida misturou tudo.",2024-03-02 05:00:00
1524,1167,2,5,"Frango suculento, molho incrível, embalagem perfeita.",2024-11-16 22:00:00
1525,471,54,5,"Atendimento rápido, comida excepcional. Recomendo a todos.",2024-08-22 07:00:00
1526,972,17,1,"Molho derramado, embalagem completamente inadequada.",2024-11-20 15:00:00
1527,654,11,3,"Razoável pelo preço. Já comi melhor, já comi pior.",2024-02-05 10:00:00
1528,400,6,5,Entrega relâmpago e comida na temperatura perfeita.,2024-05-18 03:00:00
1529,512,48,4,Lanche com pão macio e ingredientes generosos.,2024-01-20 00:00:00
1530,321,75,5,"Frango suculento, molho incrível, embalagem perfeita.",2024-04-11 00:00:00
1531,20,39,3,"Ok para o dia a dia, nada especial.",2024-06-06 01:00:00
1532,685,10,4,Comida chegou quente e bem embalada.,2024-10-17 12:00:00
1533,36,5,4,Qualidade consistente. Sempre bom ao pedir.,2024-02-06 18:00:00
1534,903,70,4,"Comida incrível, super recomendo!",2024-11-08 04:00:00
1535,1779,27,2,Demorou mais que o prometido e o preço não justifica.,2024-01-05 15:00:00
1536,828,80,1,Entregador sumiu com o pedido. Tive que acionar o suporte.,2024-02-20 18:00:00
1537,1854,63,3,"Embalagem funcional, comida na temperatura certa.",2024-05-24 13:00:00
1538,408,72,5,"Marmita completa, bem temperada e ainda quente.",2024-12-30 02:00:00
1539,921,9,5,"Entregou antes do prazo, tudo fresquinho!",2024-08-14 03:00:00
1540,538,30,5,Superou todas as expectativas. Nota máxima com folga.,2024-12-22 07:00:00
1541,759,49,2,Entrega atrasou bastante e a comida chegou morna.,2024-01-26 00:00:00
1542,1905,58,3,Tempo de espera razoável para a região.,2024-06-21 05:00:00
1543,1063,52,2,"Embalagem simples demais, comida misturou tudo.",2024-12-17 11:00:00
1544,1200,17,3,"Tudo certo, sem reclamações. Só não ficou surpreso.",2024-01-17 13:00:00
1545,246,70,4,"Entrega rápida e comida saborosa, 10/10!",2024-03-06 05:00:00
1546,1417,55,4,Entregador simpático e cuidadoso com o pedido.,2024-11-15 02:00:00
1547,1128,7,5,Cada detalhe do prato estava perfeito. Arte na cozinha.,2024-07-11 16:00:00
1548,785,5,1,Pedi sem cebola por alergia. Veio com cebola. Problema sério.,2024-09-22 08:00:00
1549,1743,71,4,Sabor excelente e porção generosa.,2024-05-17 10:00:00
1550,490,10,3,Boa comida mas embalagem simples. Cumpriu o prometido.,2024-04-16 19:00:00
1551,155,73,3,"Prato bem montado, sabor dentro do esperado.",2024-12-09 02:00:00
1552,962,73,2,"Sabor razoável, mas a porção foi bem menor que o esperado.",2024-08-26 11:00:00
1553,854,37,5,"Entregador gentil, comida impecável. Experiência 5 estrelas.",2024-04-05 10:00:00
1554,1312,54,5,"Frango suculento, molho incrível, embalagem perfeita.",2024-07-12 18:00:00
1555,626,76,4,Comida chegou quente e bem embalada.,2024-07-05 00:00:00
1556,686,51,1,"Embalagem rasgada, comida derramou toda na sacola.",2024-04-18 15:00:00
1557,1562,53,4,Atendimento excelente e embalagem cuidadosa.,2024-06-11 19:00:00
1558,570,41,3,Tempo de espera razoável para a região.,2024-12-09 13:00:00
1559,1909,47,4,Qualidade consistente. Sempre bom ao pedir.,2024-09-01 23:00:00
1560,18,77,4,Comida saborosa e entrega dentro do prazo. Recomendo.,2024-05-28 13:00:00
1561,128,55,5,Porção absurdamente generosa pelo preço cobrado.,2024-07-05 06:00:00
1562,1347,37,4,Salada fresca com ingredientes de qualidade.,2024-05-13 14:00:00
1563,1280,17,4,Lanche com pão macio e ingredientes generosos.,2024-05-04 21:00:00
1564,1969,25,4,Frango grelhado perfeitamente temperado.,2024-03-10 20:00:00
1565,928,74,1,Arroz empapado e feijão aguado. Parece sobra do dia anterior.,2024-08-19 21:00:00
1566,981,47,3,"Ok para o dia a dia, nada especial.",2024-12-13 21:00:00
1567,1965,72,5,Superou todas as expectativas. Nota máxima com folga.,2024-01-23 18:00:00
1568,191,43,4,Lanche com pão macio e ingredientes generosos.,2024-05-18 19:00:00
1569,1140,15,5,Restaurante tratou o pedido com muito cuidado e carinho.,2024-03-31 09:00:00
1570,993,22,3,"Tudo certo, sem reclamações. Só não ficou surpreso.",2024-04-06 06:00:00
1571,1956,48,5,Entrega relâmpago e comida na temperatura perfeita.,2024-04-13 12:00:00
1572,1657,47,4,Porção familiar com excelente custo-benefício.,2024-01-22 17:00:00
1573,607,54,5,Entrega relâmpago e comida na temperatura perfeita.,2024-08-11 13:00:00
1574,181,71,4,"Prato caprichado, ingredientes frescos e saborosos.",2024-12-29 04:00:00
1575,302,22,3,Boa comida mas embalagem simples. Cumpriu o prometido.,2024-04-01 20:00:00
1576,497,75,5,Nunca comi uma pizza tão crocante entregue em casa.,2024-11-09 02:00:00
1577,1721,16,5,"Atendimento rápido, comida excepcional. Recomendo a todos.",2024-05-19 08:00:00
1578,1710,51,5,Melhor restaurante que já pedi. Voltarei com certeza.,2024-09-30 04:00:00
1579,1888,17,5,Porção absurdamente generosa pelo preço cobrado.,2024-08-08 10:00:00
1580,1992,19,4,Atendimento excelente e embalagem cuidadosa.,2024-08-06 16:00:00
1581,518,20,3,"Não voltarei toda semana, mas posso pedir de vez em quando.",2024-07-29 12:00:00
1582,1985,73,3,Boa comida mas embalagem simples. Cumpriu o prometido.,2024-07-09 11:00:00
1583,1070,34,1,"Embalagem rasgada, comida derramou toda na sacola.",2024-01-22 19:00:00
1584,477,12,3,"Comida caseira simples. Sem inovação, mas honesta.",2024-03-25 23:00:00
1585,158,6,1,Comida com cabelo. Não aceitarei mais pedidos desse restaurante.,2024-07-04 15:00:00
1586,1244,63,1,Arroz empapado e feijão aguado. Parece sobra do dia anterior.,2024-12-22 11:00:00
1587,1196,53,5,Qualidade de restaurante presencial em casa. Impressionante.,2024-11-09 04:00:00
1588,17,8,2,Porção pequena para o preço. Fiquei com fome.,2024-10-05 10:00:00
1589,1536,16,3,"Entrega rápida, mas a comida era comum.",2024-01-24 03:00:00
1590,1073,78,1,"Comida com gosto estranho, suspeito que estava estragada.",2024-08-15 19:00:00
1591,1972,74,5,"Temperatura ideal na entrega, comida deliciosa.",2024-10-27 17:00:00
1592,547,13,2,Pedido atrasou 45 minutos além do prometido.,2024-11-30 06:00:00
1593,1540,75,4,Adorei! Já virou meu favorito.,2024-05-25 02:00:00
1594,659,15,5,"Risoto perfeito, cremoso e com ingredientes nobres.",2024-06-02 15:00:00
1595,1626,34,5,Pedi pela segunda vez e não decepcionou.,2024-05-10 16:00:00
1596,1020,31,3,"Entrega rápida, mas a comida era comum.",2024-02-22 23:00:00
1597,1663,68,3,Massa al dente mas molho podia ter mais sabor.,2024-06-18 15:00:00
1598,1505,8,5,"Salada fresquíssima, parecia colhida na hora.",2024-09-09 02:00:00
1599,960,44,3,Boa comida mas embalagem simples. Cumpriu o prometido.,2024-10-01 15:00:00
1600,1882,24,4,Churrasco macio e bem temperado.,2024-12-11 11:00:00
