id_pedido,id_restaurante,valor_pedido,quantidade_itens,tempo_preparo_minutos,tempo_entrega_minutos,tempo_total_minutos,tempo_estimado_minutos,atraso_minutos,atrasado,clima,hora,dia_semana,distancia_km
1,57,148.67,2,26,43,69,36,33,1,Chuvoso,20,Sábado,2.4
2,72,77.35,3,11,11,22,24,-2,0,Ensolarado,10,Segunda,1.3
3,27,62.86,3,16,54,70,44,26,1,Nublado,21,Segunda,6.1
4,80,46.9,2,22,48,70,70,0,0,Nublado,10,Sábado,11.5
5,4,50.87,4,29,17,46,33,13,1,Chuvoso,18,Segunda,1.7
6,50,15.0,6,15,21,36,33,3,0,Ensolarado,7,Quinta,3.0
7,38,49.85,4,13,5,18,26,-8,0,Ensolarado,16,Segunda,0.5
8,43,141.84,6,22,24,46,32,14,1,Chuvoso,15,Sábado,2.5
9,56,57.67,3,31,28,59,34,25,1,Tempestade,18,Domingo,0.5
10,19,20.94,3,55,16,71,45,26,1,Chuvoso,19,Sexta,0.5
11,10,15.39,2,14,23,37,27,10,1,Nublado,21,Sábado,1.1
12,27,79.5,3,26,62,88,51,37,1,Chuvoso,11,Sexta,8.1
13,16,63.17,2,25,22,47,42,5,0,Ensolarado,18,Quarta,2.6
14,62,37.28,1,32,40,72,41,31,1,Nublado,12,Quarta,1.8
15,54,65.47,1,40,34,74,46,28,1,Chuvoso,11,Sábado,2.8
16,53,34.3,2,16,26,42,43,-1,0,Nublado,14,Sexta,4.9
17,8,66.07,3,10,9,19,21,-2,0,Nublado,14,Domingo,0.5
18,77,47.77,1,11,17,28,26,2,0,Ensolarado,21,Sábado,0.5
19,63,32.79,6,42,79,121,45,76,1,Tempestade,13,Sábado,4.6
20,39,123.09,3,17,23,40,40,0,0,Nublado,14,Sábado,3.6
21,58,16.34,1,15,18,33,41,-8,0,Nublado,10,Terça,4.2
22,41,43.05,2,6,88,94,57,37,1,Nublado,12,Sábado,11.5
23,31,79.91,1,20,24,44,40,4,0,Nublado,15,Terça,1.6
24,9,15.0,3,9,20,29,27,2,0,Ensolarado,13,Sexta,1.5
25,79,68.75,2,22,5,27,31,-4,0,Ensolarado,8,Quinta,0.7
26,33,178.22,2,24,15,39,36,3,0,Chuvoso,10,Quarta,1.3
27,72,50.15,1,9,34,43,31,12,1,Ensolarado,19,Sábado,3.4
28,9,48.55,2,13,34,47,38,9,1,Garoa,2,Sexta,4.7
29,49,205.78,4,34,26,60,40,20,1,Chuvoso,18,Sábado,1.9
30,27,57.86,2,15,38,53,51,2,0,Ensolarado,22,Terça,8.1
31,20,178.45,2,23,32,55,47,8,1,Nublado,8,Sábado,4.9
32,58,36.14,3,22,29,51,42,9,1,Ensolarado,19,Sábado,4.4
33,19,23.81,6,37,25,62,49,13,1,Chuvoso,19,Terça,1.7
34,10,48.86,3,11,19,30,30,0,0,Ensolarado,7,Segunda,2.1
35,58,22.21,1,27,19,46,29,17,1,Chuvoso,22,Quinta,0.5
36,5,40.15,4,21,8,29,32,-3,0,Ensolarado,19,Sexta,0.6
37,21,77.9,6,27,17,44,34,10,1,Ensolarado,21,Sexta,0.9
38,2,29.04,2,45,89,134,87,47,1,Nublado,20,Quinta,12.5
39,48,73.68,4,20,15,35,30,5,0,Chuvoso,16,Quarta,1.1
40,74,39.47,4,12,40,52,55,-3,0,Nublado,7,Domingo,10.0
41,15,45.02,6,23,61,84,42,42,1,Chuvoso,19,Quinta,5.3
42,44,61.24,3,24,18,42,41,1,0,Nublado,11,Sábado,2.9
43,19,29.09,5,42,5,47,45,2,0,Ensolarado,14,Sábado,0.5
44,11,21.53,2,51,54,105,53,52,1,Tempestade,20,Segunda,4.0
45,69,109.6,1,12,35,47,41,6,1,Ensolarado,15,Sexta,5.0
46,8,308.49,4,10,15,25,21,4,0,Ensolarado,21,Terça,0.5
47,66,78.01,2,12,40,52,29,23,1,Chuvoso,12,Domingo,2.6
48,23,89.73,4,17,32,49,58,-9,0,Ensolarado,1,Domingo,8.6
49,70,31.51,3,28,41,69,44,25,1,Chuvoso,16,Sábado,3.7
50,34,23.83,2,9,33,42,45,-3,0,Ensolarado,16,Sábado,7.8
51,8,36.63,3,9,12,21,21,0,0,Nublado,19,Quarta,0.5
52,69,80.66,2,20,21,41,34,7,1,Chuvoso,16,Quinta,2.9
53,47,27.3,1,10,22,32,24,8,1,Ensolarado,19,Quarta,1.3
54,73,31.16,4,13,30,43,36,7,1,Nublado,10,Terça,3.6
55,14,44.0,4,13,17,30,27,3,0,Nublado,9,Terça,1.5
56,80,80.23,1,18,9,27,33,-6,0,Ensolarado,23,Sexta,0.5
57,44,15.77,1,19,10,29,33,-4,0,Ensolarado,10,Terça,0.5
58,7,27.29,3,29,18,47,31,16,1,Garoa,17,Quarta,0.6
59,37,77.05,3,25,53,78,29,49,1,Tempestade,19,Terça,0.5
60,46,34.22,2,26,33,59,48,11,1,Nublado,21,Sexta,3.3
61,79,89.64,3,19,21,40,32,8,1,Garoa,9,Segunda,0.9
62,29,26.21,3,12,11,23,25,-2,0,Ensolarado,20,Quinta,0.6
63,31,96.53,2,25,25,50,42,8,1,Nublado,5,Terça,2.1
64,60,50.91,3,53,24,77,48,29,1,Chuvoso,23,Terça,1.8
65,66,135.43,3,11,31,42,29,13,1,Nublado,20,Terça,2.7
66,41,39.59,2,11,27,38,28,10,1,Garoa,14,Domingo,2.8
67,31,48.35,5,29,18,47,37,10,1,Chuvoso,18,Sexta,0.7
68,50,46.52,2,22,30,52,33,19,1,Chuvoso,10,Terça,2.8
69,18,116.62,3,16,15,31,37,-6,0,Ensolarado,9,Segunda,1.6
70,40,62.14,4,12,33,45,53,-8,0,Ensolarado,17,Quarta,7.4
71,54,40.83,5,35,54,89,55,34,1,Chuvoso,19,Quinta,5.5
72,56,102.74,5,22,16,38,37,1,0,Chuvoso,20,Sexta,1.3
73,58,50.75,5,19,31,50,38,12,1,Nublado,14,Sexta,3.2
74,26,43.24,2,18,34,52,39,13,1,Ensolarado,20,Segunda,3.0
75,74,28.63,1,12,10,22,25,-3,0,Ensolarado,19,Sexta,1.2
76,8,66.88,3,9,24,33,22,11,1,Garoa,19,Sábado,0.7
77,24,28.76,2,16,15,31,34,-3,0,Ensolarado,16,Segunda,2.8
78,77,50.0,6,16,64,80,51,29,1,Ensolarado,12,Quarta,8.0
79,4,49.02,6,22,35,57,42,15,1,Garoa,20,Sexta,4.4
80,67,62.81,4,14,43,57,56,1,0,Ensolarado,18,Quarta,10.1
81,77,52.31,2,16,8,24,27,-3,0,Garoa,15,Sábado,0.8
82,17,26.58,1,19,16,35,35,0,0,Nublado,17,Sexta,2.3
83,8,31.65,5,10,17,27,21,6,1,Chuvoso,13,Quarta,0.5
84,11,45.26,5,27,52,79,67,12,1,Ensolarado,12,Sábado,8.4
85,72,66.78,2,9,34,43,30,13,1,Nublado,20,Sexta,3.2
86,74,56.7,3,18,18,36,25,11,1,Nublado,12,Domingo,1.0
87,50,19.75,2,18,14,32,27,5,0,Nublado,23,Sábado,1.1
88,58,30.3,3,27,30,57,37,20,1,Chuvoso,9,Quinta,3.1
89,14,26.35,5,16,53,69,38,31,1,Nublado,19,Terça,4.7
90,14,54.04,6,13,11,24,26,-2,0,Ensolarado,14,Sábado,1.0
91,6,37.84,3,11,7,18,22,-4,0,Ensolarado,18,Quarta,0.5
92,80,56.8,5,26,49,75,53,22,1,Garoa,17,Segunda,6.5
93,4,38.71,3,24,12,36,29,7,1,Chuvoso,15,Terça,0.5
94,49,185.79,4,23,43,66,52,14,1,Ensolarado,19,Sexta,5.6
95,13,158.59,2,14,25,39,38,1,0,Nublado,23,Quarta,4.0
96,30,48.07,5,20,55,75,43,32,1,Tempestade,22,Sexta,6.6
97,71,17.88,5,33,32,65,47,18,1,Nublado,12,Sábado,2.5
98,58,43.51,2,15,50,65,68,-3,0,Ensolarado,16,Sábado,12.3
99,48,49.02,1,20,15,35,30,5,0,Nublado,17,Domingo,1.2
100,49,94.51,3,24,25,49,46,3,0,Nublado,17,Quinta,3.7
101,21,120.49,3,22,11,33,33,0,0,Ensolarado,15,Quarta,0.5
102,77,47.61,1,25,15,40,28,12,1,Chuvoso,17,Quarta,1.2
103,29,87.72,2,20,19,39,25,14,1,Chuvoso,19,Sábado,0.5
104,36,57.22,3,25,14,39,31,8,1,Garoa,18,Sábado,0.5
105,9,25.49,5,15,21,36,33,3,0,Nublado,4,Sexta,3.1
106,54,99.44,3,25,12,37,38,-1,0,Nublado,21,Quinta,0.5
107,25,24.39,2,42,40,82,52,30,1,Chuvoso,19,Quinta,2.6
108,69,61.45,3,15,23,38,32,6,1,Ensolarado,15,Domingo,2.2
109,67,73.78,5,23,25,48,24,24,1,Tempestade,18,Sábado,0.5
110,43,187.37,4,17,68,85,46,39,1,Chuvoso,13,Quarta,6.7
111,59,64.34,3,31,9,40,39,1,0,Ensolarado,21,Segunda,0.6
112,45,37.87,2,25,18,43,28,15,1,Chuvoso,22,Domingo,1.0
113,74,83.9,2,20,14,34,24,10,1,Tempestade,7,Sexta,0.7
114,5,66.56,4,20,22,42,33,9,1,Ensolarado,19,Domingo,1.0
115,65,51.42,3,27,25,52,43,9,1,Ensolarado,12,Quinta,1.8
116,68,163.22,1,20,5,25,31,-6,0,Ensolarado,17,Sábado,0.9
117,80,72.74,5,21,10,31,34,-3,0,Ensolarado,21,Sexta,0.7
118,14,54.08,2,13,17,30,37,-7,0,Ensolarado,8,Quinta,4.3
119,37,81.2,3,15,20,35,38,-3,0,Garoa,1,Sábado,3.3
120,59,110.61,3,22,53,75,72,3,0,Ensolarado,9,Quinta,10.6
121,67,114.73,4,11,18,29,31,-2,0,Ensolarado,18,Quinta,2.6
122,64,33.63,2,15,23,38,34,4,0,Nublado,10,Quinta,3.1
123,30,28.24,2,20,32,52,34,18,1,Garoa,17,Sexta,3.9
124,31,23.22,3,25,8,33,46,-13,0,Ensolarado,23,Sábado,3.3
125,67,210.58,3,10,40,50,34,16,1,Ensolarado,19,Sábado,3.6
126,37,52.97,4,12,37,49,53,-4,0,Ensolarado,16,Domingo,7.7
127,72,72.2,3,9,15,24,26,-2,0,Nublado,18,Quinta,2.1
128,55,63.58,4,31,6,37,32,5,0,Chuvoso,19,Sábado,1.0
129,37,102.09,2,18,11,29,29,0,0,Nublado,18,Domingo,0.5
130,45,43.57,1,20,19,39,30,9,1,Chuvoso,14,Sexta,1.6
131,79,59.13,1,17,105,122,93,29,1,Ensolarado,12,Sábado,19.4
132,27,74.48,5,14,19,33,27,6,1,Nublado,17,Domingo,0.8
133,32,74.55,3,19,28,47,27,20,1,Chuvoso,20,Quarta,1.4
134,60,16.75,1,32,14,46,47,-1,0,Ensolarado,20,Sábado,1.3
135,34,83.54,5,15,57,72,50,22,1,Garoa,22,Terça,9.2
136,2,75.05,4,48,37,85,57,28,1,Garoa,19,Domingo,3.7
137,13,125.1,3,16,15,31,29,2,0,Ensolarado,13,Sábado,1.2
138,9,15.0,3,21,15,36,25,11,1,Chuvoso,15,Sábado,0.9
139,38,36.61,2,12,9,21,27,-6,0,Ensolarado,20,Domingo,0.8
140,75,22.97,5,21,17,38,32,6,1,Nublado,2,Domingo,0.5
141,48,105.06,5,19,22,41,28,13,1,Chuvoso,10,Segunda,0.5
142,53,15.0,5,15,22,37,36,1,0,Ensolarado,12,Quinta,2.8
143,27,23.83,5,12,6,18,26,-8,0,Ensolarado,12,Sexta,0.5
144,4,63.48,4,27,26,53,32,21,1,Chuvoso,8,Quinta,1.6
145,9,87.61,2,23,24,47,27,20,1,Chuvoso,22,Quinta,1.4
146,52,61.83,2,26,21,47,46,1,0,Nublado,14,Segunda,3.0
147,30,47.66,2,12,10,22,35,-13,0,Ensolarado,22,Segunda,4.1
148,76,69.93,3,20,13,33,32,1,0,Ensolarado,22,Sábado,0.8
149,44,66.09,2,20,11,31,41,-10,0,Ensolarado,17,Domingo,2.8
150,8,64.54,3,12,19,31,26,5,0,Chuvoso,10,Terça,2.0
151,41,31.45,1,9,30,39,39,0,0,Nublado,18,Sexta,6.1
152,16,34.38,3,20,14,34,35,-1,0,Ensolarado,20,Quarta,0.5
153,32,210.32,2,14,37,51,52,-1,0,Ensolarado,6,Sábado,8.8
154,30,22.7,5,12,29,41,28,13,1,Ensolarado,21,Quarta,2.0
155,73,31.68,1,12,16,28,28,0,0,Ensolarado,0,Domingo,1.1
156,46,60.69,1,31,23,54,41,13,1,Chuvoso,11,Terça,1.0
157,78,24.98,2,14,22,36,39,-3,0,Ensolarado,1,Sábado,4.5
158,6,43.48,3,19,19,38,22,16,1,Chuvoso,9,Segunda,0.5
159,8,87.81,3,16,43,59,35,24,1,Chuvoso,19,Sexta,4.8
160,45,40.65,1,18,21,39,27,12,1,Garoa,8,Sexta,0.5
161,5,28.92,3,25,26,51,32,19,1,Nublado,20,Domingo,0.5
162,74,57.78,2,16,36,52,47,5,0,Nublado,22,Segunda,7.8
163,25,41.95,1,36,38,74,53,21,1,Garoa,19,Sexta,2.8
164,47,16.71,2,7,36,43,41,2,0,Ensolarado,7,Sexta,6.5
165,11,39.19,6,20,10,30,44,-14,0,Ensolarado,18,Sexta,1.4
166,19,15.0,1,37,8,45,46,-1,0,Nublado,16,Quinta,0.8
167,65,49.14,4,31,41,72,51,21,1,Chuvoso,19,Sábado,4.2
168,19,15.0,2,40,29,69,48,21,1,Nublado,19,Terça,1.3
169,29,48.23,1,16,21,37,27,10,1,Nublado,12,Quinta,1.0
170,40,179.14,2,19,12,31,30,1,0,Ensolarado,14,Sábado,0.7
171,21,77.19,1,27,37,64,48,16,1,Chuvoso,22,Segunda,5.3
172,18,78.52,3,23,26,49,42,7,1,Chuvoso,7,Sábado,3.2
173,13,77.55,1,15,6,21,27,-6,0,Ensolarado,17,Sexta,0.5
174,31,108.1,5,43,10,53,38,15,1,Chuvoso,13,Sábado,1.0
175,47,36.59,2,10,62,72,43,29,1,Nublado,19,Domingo,7.2
176,42,48.16,2,34,100,134,86,48,1,Chuvoso,17,Terça,15.5
177,45,67.89,4,12,13,25,27,-2,0,Ensolarado,8,Sábado,0.5
178,9,27.72,6,13,29,42,32,10,1,Chuvoso,17,Sábado,2.8
179,57,189.67,1,16,31,47,36,11,1,Nublado,20,Sexta,2.5
180,10,29.3,2,13,9,22,25,-3,0,Ensolarado,22,Sábado,0.5
181,71,22.33,1,28,12,40,42,-2,0,Ensolarado,19,Quarta,1.0
182,48,122.22,1,16,25,41,35,6,1,Nublado,21,Sexta,2.6
183,30,22.68,2,19,15,34,31,3,0,Chuvoso,18,Segunda,3.0
184,28,37.41,4,18,5,23,34,-11,0,Ensolarado,14,Quarta,0.5
185,24,40.14,1,18,16,34,30,4,0,Ensolarado,20,Sexta,1.5
186,43,66.71,2,18,13,31,26,5,0,Chuvoso,9,Sexta,0.9
187,8,151.08,2,6,20,26,34,-8,0,Nublado,18,Sexta,4.3
188,55,112.94,2,25,27,52,35,17,1,Nublado,19,Segunda,1.9
189,24,37.31,1,22,19,41,30,11,1,Chuvoso,19,Sexta,1.5
190,62,55.92,2,27,50,77,65,12,1,Ensolarado,13,Sexta,9.1
191,43,97.06,2,12,24,36,40,-4,0,Ensolarado,10,Terça,4.9
192,24,18.42,2,13,23,36,33,3,0,Ensolarado,0,Sábado,2.4
193,20,194.21,4,28,39,67,42,25,1,Chuvoso,19,Sexta,3.5
194,50,22.17,1,15,21,36,26,10,1,Ensolarado,7,Domingo,0.7
195,56,54.95,3,27,19,46,36,10,1,Nublado,22,Domingo,1.1
196,44,79.91,1,29,19,48,34,14,1,Ensolarado,19,Quinta,0.6
197,1,73.95,4,21,28,49,40,9,1,Nublado,12,Sábado,3.0
198,18,54.06,2,37,74,111,69,42,1,Chuvoso,22,Segunda,11.3
199,17,29.87,2,18,26,44,45,-1,0,Ensolarado,17,Sexta,5.3
200,32,32.12,3,11,32,43,41,2,0,Ensolarado,12,Quarta,5.5
201,39,23.31,2,16,18,34,30,4,0,Garoa,8,Sexta,0.5
202,67,62.38,2,20,34,54,32,22,1,Chuvoso,19,Sábado,2.9
203,65,60.56,4,30,28,58,51,7,1,Nublado,8,Terça,4.2
204,22,143.08,3,22,46,68,46,22,1,Chuvoso,18,Terça,5.8
205,65,162.94,5,33,18,51,39,12,1,Nublado,19,Sábado,0.5
206,64,42.27,5,14,21,35,26,9,1,Nublado,17,Sexta,0.7
207,59,81.49,2,28,27,55,61,-6,0,Ensolarado,18,Terça,7.5
208,76,45.49,3,22,18,40,36,4,0,Ensolarado,12,Quarta,2.2
209,50,15.0,4,12,33,45,36,9,1,Ensolarado,12,Quinta,3.8
210,46,22.18,3,53,18,71,39,32,1,Tempestade,7,Domingo,0.5
211,54,92.84,4,35,35,70,49,21,1,Nublado,16,Quinta,3.8
212,61,23.59,3,47,33,80,42,38,1,Chuvoso,21,Quinta,0.5
213,2,56.4,1,32,73,105,79,26,1,Ensolarado,12,Sexta,10.1
214,73,22.02,4,16,40,56,51,5,0,Ensolarado,7,Domingo,8.1
215,76,52.88,2,16,48,64,66,-2,0,Ensolarado,16,Terça,11.2
216,44,24.65,2,23,16,39,42,-3,0,Ensolarado,14,Sexta,3.2
217,1,51.98,3,19,16,35,32,3,0,Ensolarado,12,Quinta,0.5
218,54,159.54,1,25,48,73,57,16,1,Ensolarado,20,Sábado,6.0
219,17,23.63,3,26,30,56,32,24,1,Chuvoso,19,Quarta,1.6
220,43,187.54,3,12,22,34,33,1,0,Ensolarado,21,Domingo,2.8
221,25,27.4,3,34,6,40,45,-5,0,Garoa,8,Quinta,0.5
222,5,25.96,2,26,44,70,46,24,1,Garoa,13,Sexta,4.7
223,21,99.04,3,38,23,61,33,28,1,Chuvoso,13,Sábado,0.5
224,3,28.19,3,53,89,142,79,63,1,Chuvoso,20,Sábado,11.6
225,49,139.59,2,27,35,62,59,3,0,Ensolarado,18,Quinta,7.7
226,70,22.39,3,20,54,74,73,1,0,Garoa,9,Terça,12.3
227,1,24.71,4,21,30,51,54,-3,0,Ensolarado,11,Terça,7.2
228,50,27.86,5,18,8,26,25,1,0,Chuvoso,7,Sábado,0.5
229,5,216.54,1,30,40,70,44,26,1,Chuvoso,4,Quarta,4.1
230,15,69.79,4,22,52,74,42,32,1,Chuvoso,13,Terça,5.4
231,44,63.88,2,24,88,112,80,32,1,Nublado,20,Terça,14.4
232,20,118.86,2,18,25,43,36,7,1,Nublado,19,Quarta,1.6
233,13,145.71,2,8,71,79,62,17,1,Nublado,19,Quinta,11.0
234,27,29.61,2,19,26,45,27,18,1,Chuvoso,20,Quinta,0.8
235,74,103.44,2,10,23,33,25,8,1,Nublado,22,Domingo,1.2
236,69,51.85,4,16,27,43,30,13,1,Garoa,13,Sexta,1.8
237,22,55.43,3,20,66,86,59,27,1,Ensolarado,20,Terça,9.6
238,3,60.5,4,36,62,98,71,27,1,Ensolarado,21,Sexta,9.3
239,58,15.53,2,24,28,52,29,23,1,Chuvoso,21,Quarta,0.5
240,66,118.76,5,11,20,31,22,9,1,Nublado,21,Terça,0.5
241,19,30.89,1,36,23,59,55,4,0,Ensolarado,10,Quinta,3.5
242,26,34.33,6,20,18,38,37,1,0,Ensolarado,5,Sexta,2.4
243,72,27.0,4,11,40,51,32,19,1,Garoa,13,Segunda,3.7
244,21,115.03,2,25,29,54,49,5,0,Ensolarado,18,Sábado,5.4
245,42,181.16,4,26,27,53,47,6,1,Ensolarado,20,Sábado,3.6
246,70,55.22,2,23,33,56,48,8,1,Ensolarado,14,Segunda,5.0
247,11,37.92,3,46,28,74,42,32,1,Chuvoso,20,Sexta,0.8
248,79,117.34,1,20,9,29,31,-2,0,Ensolarado,8,Quarta,0.5
249,35,39.82,1,16,14,30,33,-3,0,Nublado,14,Sábado,1.3
250,30,37.09,3,15,23,38,25,13,1,Ensolarado,21,Sexta,1.2
251,44,69.39,3,29,16,45,35,10,1,Nublado,11,Terça,1.1
252,26,72.55,1,25,25,50,31,19,1,Chuvoso,11,Quinta,0.5
253,26,65.27,3,18,21,39,32,7,1,Nublado,23,Segunda,0.9
254,66,66.25,3,11,20,31,30,1,0,Ensolarado,23,Sexta,2.8
255,44,21.08,1,29,23,52,40,12,1,Ensolarado,18,Domingo,2.4
256,23,172.4,3,26,13,39,35,4,0,Chuvoso,20,Quinta,1.5
257,76,37.21,1,18,51,69,50,19,1,Ensolarado,20,Sábado,6.3
258,45,22.77,4,14,18,32,32,0,0,Ensolarado,17,Sábado,2.2
259,3,15.0,4,41,20,61,46,15,1,Nublado,15,Sábado,1.7
260,46,20.39,2,29,13,42,48,-6,0,Nublado,6,Sábado,3.1
261,29,23.81,5,13,22,35,35,0,0,Ensolarado,4,Terça,3.4
262,34,47.06,2,11,10,21,22,-1,0,Nublado,16,Domingo,0.7
263,50,65.48,4,12,18,30,25,5,0,Ensolarado,19,Terça,0.5
264,39,74.6,2,15,34,49,33,16,1,Ensolarado,21,Quarta,1.6
265,66,81.58,2,17,32,49,22,27,1,Tempestade,21,Sábado,0.5
266,32,140.41,5,16,11,27,24,3,0,Nublado,23,Sexta,0.5
267,19,33.61,1,60,10,70,45,25,1,Chuvoso,16,Sábado,0.5
268,62,77.4,2,22,21,43,43,0,0,Nublado,18,Sábado,2.5
269,66,97.5,3,12,16,28,25,3,0,Ensolarado,7,Sábado,1.5
270,69,41.2,1,11,22,33,38,-5,0,Ensolarado,14,Sábado,4.3
271,25,74.16,2,42,42,84,55,29,1,Garoa,21,Quinta,3.5
272,9,50.51,3,13,12,25,24,1,0,Ensolarado,23,Domingo,0.5
273,40,140.25,6,28,97,125,60,65,1,Chuvoso,13,Sábado,9.7
274,9,99.27,1,15,26,41,30,11,1,Chuvoso,8,Sexta,2.3
275,24,28.5,2,16,18,34,30,4,0,Ensolarado,6,Sábado,1.5
276,9,22.94,5,17,29,46,34,12,1,Chuvoso,17,Sexta,3.5
277,9,40.61,3,13,32,45,32,13,1,Nublado,13,Sábado,2.9
278,69,72.83,1,14,34,48,29,19,1,Ensolarado,13,Sábado,1.4
279,80,109.42,3,26,22,48,34,14,1,Ensolarado,19,Sexta,0.8
280,25,55.22,6,44,11,55,49,6,1,Nublado,11,Quarta,1.7
281,43,90.94,1,13,22,35,29,6,1,Nublado,12,Domingo,1.7
282,32,67.08,2,20,23,43,24,19,1,Tempestade,21,Quinta,0.5
283,52,55.99,2,28,49,77,57,20,1,Chuvoso,7,Sábado,6.5
284,68,44.23,5,22,29,51,33,18,1,Nublado,13,Segunda,1.6
285,15,29.8,3,19,25,44,32,12,1,Garoa,21,Sábado,2.2
286,18,92.74,2,19,80,99,73,26,1,Ensolarado,20,Sexta,12.5
287,38,22.52,3,13,40,53,53,0,0,Ensolarado,8,Sábado,8.8
288,31,48.27,3,25,24,49,40,9,1,Nublado,13,Sábado,1.5
289,27,30.67,4,13,30,43,41,2,0,Garoa,7,Quarta,5.0
290,60,15.0,1,45,14,59,44,15,1,Chuvoso,16,Sábado,0.5
291,80,22.35,3,25,49,74,66,8,1,Nublado,22,Sexta,10.2
292,68,134.9,3,24,21,45,30,15,1,Chuvoso,13,Domingo,0.5
293,2,57.42,5,49,13,62,50,12,1,Nublado,9,Domingo,1.5
294,14,23.35,2,11,11,22,24,-2,0,Ensolarado,6,Terça,0.6
295,63,46.01,5,17,21,38,41,-3,0,Ensolarado,12,Sábado,3.2
296,24,19.16,3,16,19,35,27,8,1,Ensolarado,21,Sábado,0.5
297,66,64.05,3,10,12,22,27,-5,0,Ensolarado,17,Terça,2.0
298,66,74.56,2,10,18,28,30,-2,0,Garoa,16,Terça,2.8
299,72,167.43,4,11,27,38,30,8,1,Nublado,18,Sábado,3.2
300,33,68.89,1,21,27,48,43,5,0,Ensolarado,17,Sábado,3.5
301,44,66.24,4,33,24,57,37,20,1,Chuvoso,18,Sexta,1.5
302,22,169.45,3,16,12,28,29,-1,0,Nublado,14,Sexta,0.5
303,64,24.14,4,14,26,40,31,9,1,Nublado,12,Domingo,2.4
304,42,64.26,1,22,21,43,39,4,0,Ensolarado,19,Quarta,1.3
305,57,105.59,3,18,34,52,50,2,0,Ensolarado,14,Sexta,6.6
306,77,29.28,5,17,15,32,26,6,1,Chuvoso,12,Sábado,0.5
307,80,79.87,3,22,23,45,45,0,0,Ensolarado,23,Terça,3.9
308,9,29.59,2,13,23,36,25,11,1,Ensolarado,12,Quinta,0.7
309,59,129.17,3,27,17,44,39,5,0,Ensolarado,7,Quarta,0.7
310,56,61.32,2,25,20,45,34,11,1,Ensolarado,11,Domingo,0.5
311,4,102.96,3,19,53,72,48,24,1,Chuvoso,17,Quarta,6.2
312,50,35.18,1,12,13,25,25,0,0,Ensolarado,16,Sexta,0.5
313,26,56.36,2,23,16,39,34,5,0,Garoa,22,Sexta,1.6
314,58,15.0,5,19,21,40,35,5,0,Nublado,13,Segunda,2.5
315,1,43.07,4,24,27,51,42,9,1,Nublado,18,Quinta,3.7
316,28,19.72,4,29,18,47,34,13,1,Chuvoso,14,Domingo,0.5
317,59,79.88,2,34,23,57,45,12,1,Nublado,13,Quinta,2.4
318,3,21.37,4,37,11,48,48,0,0,Nublado,17,Segunda,2.4
319,44,45.55,1,32,19,51,35,16,1,Chuvoso,12,Domingo,1.1
320,26,15.29,2,25,39,64,48,16,1,Chuvoso,23,Quinta,5.6
321,75,17.89,3,19,14,33,33,0,0,Ensolarado,22,Sábado,0.9
322,28,71.45,2,20,19,39,36,3,0,Ensolarado,16,Segunda,1.1
323,42,149.62,3,29,14,43,43,0,0,Nublado,15,Quinta,2.5
324,73,15.0,6,10,39,49,34,15,1,Ensolarado,12,Sexta,3.0
325,62,43.87,4,22,67,89,77,12,1,Ensolarado,19,Quarta,12.7
326,25,35.97,4,33,22,55,50,5,0,Ensolarado,17,Sábado,1.9
327,16,32.93,3,31,49,80,49,31,1,Garoa,13,Sábado,4.7
328,56,28.9,1,34,34,68,43,25,1,Chuvoso,20,Sábado,3.2
329,59,60.86,4,51,17,68,39,29,1,Chuvoso,15,Domingo,0.8
330,68,105.66,2,22,19,41,38,3,0,Nublado,17,Sábado,3.0
331,40,74.78,1,28,19,47,30,17,1,Chuvoso,18,Sexta,0.5
332,39,127.79,1,31,14,45,30,15,1,Garoa,19,Segunda,0.6
333,67,54.73,3,12,19,31,31,0,0,Ensolarado,2,Quarta,2.6
334,47,19.51,5,12,25,37,28,9,1,Garoa,14,Sábado,2.7
335,27,39.14,2,17,15,32,26,6,1,Ensolarado,19,Segunda,0.5
336,65,80.71,2,32,40,72,50,22,1,Nublado,12,Sábado,3.7
337,3,43.13,2,30,50,80,74,6,1,Ensolarado,9,Domingo,10.2
338,54,54.35,3,26,21,47,43,4,0,Nublado,20,Sábado,1.8
339,3,24.71,3,36,15,51,42,9,1,Ensolarado,18,Terça,0.5
340,14,23.14,2,13,58,71,65,6,1,Ensolarado,10,Domingo,12.9
341,31,42.37,2,24,10,34,42,-8,0,Ensolarado,10,Sábado,2.1
342,37,56.02,1,17,17,34,29,5,0,Ensolarado,22,Sábado,0.5
343,19,34.24,4,39,33,72,51,21,1,Garoa,19,Quinta,2.4
344,31,38.5,2,20,39,59,63,-4,0,Ensolarado,22,Sábado,8.4
345,29,69.0,2,13,24,37,30,7,1,Nublado,19,Quinta,2.0
346,17,28.05,5,19,36,55,48,7,1,Nublado,15,Terça,6.2
347,8,78.29,3,10,29,39,29,10,1,Nublado,19,Terça,3.0
348,43,125.5,3,13,29,42,43,-1,0,Nublado,11,Sábado,5.9
349,35,28.74,1,22,13,35,40,-5,0,Chuvoso,5,Quinta,3.4
350,74,47.46,5,15,30,45,29,16,1,Nublado,20,Segunda,2.2
351,34,59.84,3,14,47,61,30,31,1,Tempestade,14,Domingo,3.2
352,41,102.23,3,7,77,84,85,-1,0,Ensolarado,10,Domingo,20.0
353,22,279.05,3,14,54,68,50,18,1,Nublado,21,Segunda,6.9
354,64,15.0,2,15,21,36,26,10,1,Garoa,19,Domingo,0.7
355,77,55.39,6,17,42,59,33,26,1,Garoa,21,Terça,2.6
356,43,102.28,6,20,11,31,25,6,1,Garoa,13,Sexta,0.5
357,18,30.49,3,26,14,40,33,7,1,Ensolarado,22,Domingo,0.5
358,76,49.12,6,20,29,49,50,-1,0,Ensolarado,7,Domingo,6.3
359,69,40.1,5,18,37,55,46,9,1,Garoa,17,Sexta,6.6
360,69,38.66,2,15,25,40,43,-3,0,Ensolarado,15,Terça,5.8
361,12,148.68,4,26,15,41,40,1,0,Ensolarado,15,Quarta,0.8
362,15,102.63,2,22,18,40,27,13,1,Chuvoso,20,Sexta,0.9
363,78,90.8,3,17,25,42,29,13,1,Chuvoso,21,Domingo,1.4
364,46,31.7,1,22,12,34,40,-6,0,Ensolarado,7,Sábado,0.9
365,65,53.29,2,26,25,51,43,8,1,Ensolarado,12,Quarta,1.8
366,56,51.37,4,23,64,87,69,18,1,Ensolarado,19,Domingo,10.8
367,72,75.71,1,14,47,61,41,20,1,Chuvoso,1,Sábado,6.6
368,66,74.69,3,13,16,29,27,2,0,Nublado,8,Quarta,2.1
369,59,66.44,1,19,8,27,38,-11,0,Ensolarado,21,Sábado,0.5
370,60,22.38,2,24,58,82,67,15,1,Nublado,21,Quarta,7.5
371,20,93.36,3,30,17,47,33,14,1,Chuvoso,8,Terça,0.5
372,68,107.67,3,16,19,35,37,-2,0,Nublado,14,Sexta,2.7
373,22,114.51,4,15,10,25,30,-5,0,Ensolarado,18,Terça,0.8
374,71,15.0,4,33,66,99,69,30,1,Nublado,21,Segunda,9.1
375,70,37.67,3,21,14,35,33,2,0,Ensolarado,7,Sexta,0.5
376,76,102.64,2,20,13,33,32,1,0,Ensolarado,16,Sexta,0.8
377,80,74.54,3,19,20,39,41,-2,0,Ensolarado,16,Terça,2.7
378,68,70.53,3,25,15,40,30,10,1,Chuvoso,7,Sexta,0.5
379,53,88.41,3,16,13,29,33,-4,0,Ensolarado,16,Quinta,1.8
380,62,24.47,4,31,64,95,63,32,1,Ensolarado,20,Sábado,8.6
381,2,41.87,2,45,21,66,54,12,1,Ensolarado,19,Sexta,2.7
382,76,34.62,1,19,23,42,44,-2,0,Garoa,6,Domingo,4.4
383,53,15.0,4,19,31,50,37,13,1,Nublado,22,Segunda,3.0
384,27,52.65,2,9,27,36,30,6,1,Nublado,20,Domingo,1.7
385,74,60.7,5,25,34,59,27,32,1,Tempestade,23,Quinta,1.7
386,19,30.69,3,52,67,119,60,59,1,Chuvoso,13,Sábado,5.0
387,51,43.62,3,9,40,49,50,-1,0,Ensolarado,18,Quinta,8.8
388,69,47.3,1,15,26,41,46,-5,0,Ensolarado,16,Sábado,6.6
389,64,28.63,3,17,23,40,33,7,1,Chuvoso,2,Quarta,2.9
390,24,26.21,2,16,17,33,31,2,0,Ensolarado,17,Sábado,1.8
391,56,30.67,1,30,89,119,71,48,1,Chuvoso,12,Domingo,11.4
392,64,30.75,5,22,60,82,42,40,1,Chuvoso,20,Quinta,5.7
393,12,27.45,1,28,31,59,56,3,0,Ensolarado,1,Terça,5.6
394,5,31.27,4,18,16,34,32,2,0,Ensolarado,18,Sábado,0.5
395,13,90.16,5,13,15,28,30,-2,0,Ensolarado,13,Quarta,1.6
396,35,132.07,4,17,46,63,61,2,0,Ensolarado,6,Sexta,9.5
397,4,24.15,3,25,38,63,39,24,1,Nublado,19,Quarta,3.6
398,57,160.49,3,18,30,48,36,12,1,Ensolarado,12,Quarta,2.3
399,44,45.89,5,21,13,34,40,-6,0,Ensolarado,10,Quarta,2.6
400,6,56.6,2,12,29,41,29,12,1,Nublado,21,Domingo,2.5
401,50,15.0,3,17,39,56,42,14,1,Garoa,16,Domingo,5.6
402,34,31.06,1,11,10,21,23,-2,0,Nublado,20,Quarta,1.1
403,74,78.06,4,14,45,59,39,20,1,Nublado,13,Sábado,5.4
404,71,15.0,5,45,13,58,40,18,1,Chuvoso,12,Sábado,0.5
405,22,59.38,1,18,23,41,38,3,0,Nublado,17,Domingo,3.2
406,2,26.88,5,42,16,58,48,10,1,Nublado,11,Terça,0.9
407,47,25.89,2,12,50,62,37,25,1,Chuvoso,21,Segunda,5.3
408,72,25.12,5,11,17,28,23,5,0,Nublado,11,Sábado,1.2
409,10,32.72,3,24,5,29,25,4,0,Chuvoso,9,Sábado,0.5
410,24,21.39,6,17,15,32,31,1,0,Ensolarado,15,Domingo,1.8
411,5,21.96,1,18,25,43,36,7,1,Garoa,1,Domingo,1.9
412,15,143.88,3,15,36,51,51,0,0,Ensolarado,23,Sexta,8.0
413,31,48.73,4,26,23,49,50,-1,0,Nublado,10,Domingo,4.6
414,17,54.44,2,20,33,53,41,12,1,Ensolarado,13,Sexta,4.3
415,36,119.34,6,21,21,42,47,-5,0,Ensolarado,16,Sexta,5.3
416,32,156.89,2,17,10,27,27,0,0,Garoa,15,Sábado,1.5
417,74,88.57,1,12,12,24,24,0,0,Ensolarado,14,Sexta,0.9
418,76,17.38,2,20,6,26,31,-5,0,Nublado,11,Domingo,0.5
419,74,42.76,4,9,61,70,74,-4,0,Ensolarado,8,Quarta,15.7
420,75,27.4,2,20,70,90,68,22,1,Chuvoso,16,Sábado,11.6
421,52,41.61,3,27,45,72,51,21,1,Nublado,20,Domingo,4.7
422,21,44.52,4,17,14,31,33,-2,0,Ensolarado,9,Sábado,0.7
423,4,35.52,3,19,42,61,49,12,1,Nublado,16,Domingo,6.6
424,28,39.83,5,36,38,74,47,27,1,Chuvoso,6,Segunda,4.3
425,22,76.9,4,21,33,54,49,5,0,Nublado,18,Sábado,6.6
426,47,22.23,3,8,5,13,25,-12,0,Ensolarado,11,Sábado,1.7
427,16,50.07,3,33,38,71,41,30,1,Chuvoso,13,Sexta,2.1
428,67,54.1,3,16,22,38,26,12,1,Ensolarado,15,Sexta,1.0
429,66,65.71,6,11,10,21,24,-3,0,Ensolarado,1,Sexta,1.0
430,16,84.37,4,22,27,49,38,11,1,Chuvoso,1,Sábado,1.2
431,43,123.2,1,14,13,27,25,2,0,Ensolarado,21,Segunda,0.5
432,27,56.06,2,20,28,48,32,16,1,Chuvoso,10,Sexta,2.2
433,21,82.42,3,24,36,60,50,10,1,Nublado,13,Quinta,5.7
434,79,88.77,4,23,64,87,59,28,1,Chuvoso,23,Terça,8.9
435,12,88.14,1,39,12,51,39,12,1,Chuvoso,18,Domingo,0.5
436,42,189.47,1,27,88,115,82,33,1,Ensolarado,13,Sexta,14.2
437,14,52.14,4,13,12,25,25,0,0,Nublado,9,Sexta,0.9
438,59,144.45,3,29,16,45,43,2,0,Ensolarado,17,Domingo,1.8
439,22,85.78,5,41,19,60,29,31,1,Tempestade,4,Terça,0.5
440,34,50.64,5,9,15,24,21,3,0,Ensolarado,15,Segunda,0.5
441,43,171.81,5,12,11,23,28,-5,0,Ensolarado,21,Sexta,1.3
442,45,24.36,4,12,27,39,30,9,1,Nublado,12,Domingo,1.4
443,62,71.28,2,24,34,58,43,15,1,Ensolarado,19,Quinta,2.5
444,80,113.33,5,20,8,28,37,-9,0,Ensolarado,11,Sábado,1.5
445,3,31.98,6,25,83,108,84,24,1,Ensolarado,12,Sábado,13.1
446,2,48.51,1,29,24,53,47,6,1,Garoa,19,Sexta,0.5
447,22,47.2,4,20,26,46,47,-1,0,Ensolarado,14,Sábado,6.0
448,17,38.46,1,27,17,44,29,15,1,Chuvoso,22,Quinta,0.5
449,1,31.25,2,24,28,52,39,13,1,Nublado,12,Domingo,2.6
450,68,83.11,3,29,12,41,31,10,1,Chuvoso,22,Quinta,0.8
451,76,29.82,4,25,48,73,48,25,1,Chuvoso,7,Sexta,5.8
452,37,83.58,3,27,64,91,55,36,1,Chuvoso,7,Terça,8.5
453,21,55.94,1,22,19,41,38,3,0,Ensolarado,19,Quarta,2.3
454,20,47.1,1,18,11,29,33,-4,0,Ensolarado,12,Quinta,0.5
455,6,31.16,2,11,24,35,38,-3,0,Nublado,9,Quinta,5.3
456,5,25.3,3,26,5,31,32,-1,0,Ensolarado,2,Quinta,0.5
457,3,22.17,2,27,23,50,43,7,1,Ensolarado,12,Quinta,0.9
458,30,50.76,6,14,21,35,32,3,0,Garoa,7,Domingo,3.1
459,6,15.0,1,12,17,29,25,4,0,Ensolarado,17,Terça,1.4
460,37,40.66,2,20,10,30,31,-1,0,Ensolarado,12,Sexta,1.1
461,42,140.32,2,21,45,66,58,8,1,Ensolarado,14,Sexta,6.9
462,74,69.08,2,13,22,35,33,2,0,Nublado,11,Sexta,3.5
463,31,44.71,2,32,12,44,39,5,0,Garoa,7,Quarta,1.3
464,62,49.93,2,25,53,78,78,0,0,Ensolarado,18,Sábado,13.0
465,37,40.3,1,15,72,87,61,26,1,Garoa,20,Domingo,10.2
466,26,33.7,2,15,47,62,58,4,0,Ensolarado,12,Domingo,8.7
467,79,87.01,3,17,21,38,36,2,0,Ensolarado,22,Domingo,2.2
468,30,39.92,2,12,10,22,30,-8,0,Ensolarado,16,Sexta,2.6
469,61,75.76,3,28,32,60,49,11,1,Ensolarado,20,Quinta,2.7
470,21,36.2,3,26,25,51,39,12,1,Chuvoso,17,Sexta,2.5
471,54,87.21,2,35,25,60,45,15,1,Chuvoso,22,Quinta,2.4
472,21,60.14,4,29,42,71,47,24,1,Chuvoso,12,Sábado,5.0
473,46,71.77,2,40,31,71,52,19,1,Nublado,14,Sexta,4.3
474,47,62.09,1,14,44,58,39,19,1,Chuvoso,18,Sábado,6.0
475,73,46.84,3,17,18,35,28,7,1,Nublado,23,Sexta,1.1
476,25,44.19,4,34,19,53,45,8,1,Nublado,22,Sábado,0.6
477,12,102.66,3,33,66,99,64,35,1,Nublado,13,Domingo,7.9
478,52,32.17,2,33,10,43,37,6,1,Chuvoso,7,Sábado,0.5
479,26,58.0,3,24,25,49,39,10,1,Garoa,18,Segunda,3.0
480,6,52.86,2,15,27,42,22,20,1,Garoa,13,Sábado,0.5
481,54,68.98,3,31,23,54,40,14,1,Nublado,1,Quarta,1.1
482,68,49.47,2,20,30,50,44,6,1,Nublado,17,Sexta,4.7
483,2,49.41,2,30,51,81,62,19,1,Nublado,20,Sexta,5.1
484,59,89.01,6,24,40,64,58,6,1,Nublado,2,Segunda,6.5
485,57,134.14,2,16,15,31,30,1,0,Ensolarado,8,Domingo,0.6
486,46,15.0,3,30,27,57,54,3,0,Nublado,15,Terça,4.9
487,67,30.75,2,9,5,14,24,-10,0,Ensolarado,14,Sábado,0.6
488,57,52.19,3,23,45,68,40,28,1,Chuvoso,20,Terça,3.5
489,1,24.07,2,28,10,38,32,6,1,Garoa,19,Terça,0.6
490,10,15.0,6,15,16,31,27,4,0,Nublado,9,Terça,1.2
491,80,143.75,3,19,11,30,33,-3,0,Ensolarado,11,Quinta,0.5
492,20,39.6,2,21,15,36,40,-4,0,Nublado,14,Segunda,2.8
493,75,68.94,2,27,22,49,42,7,1,Chuvoso,17,Quinta,3.6
494,30,24.52,1,12,20,32,29,3,0,Ensolarado,19,Sábado,2.3
495,19,20.38,3,35,16,51,45,6,1,Ensolarado,21,Terça,0.5
496,5,38.07,3,19,22,41,41,0,0,Nublado,11,Domingo,3.2
497,75,16.53,2,26,28,54,48,6,1,Nublado,18,Sexta,5.5
498,74,20.1,4,18,23,41,25,16,1,Chuvoso,20,Sexta,1.1
499,37,55.81,1,17,16,33,30,3,0,Ensolarado,12,Sexta,0.8
500,45,22.11,3,15,15,30,27,3,0,Ensolarado,8,Quarta,0.5
501,28,85.96,2,23,9,32,34,-2,0,Ensolarado,16,Quinta,0.5
502,32,198.99,3,14,31,45,41,4,0,Chuvoso,9,Sexta,5.6
503,46,70.26,1,27,50,77,65,12,1,Nublado,23,Sexta,8.3
504,60,22.12,2,33,50,83,65,18,1,Ensolarado,12,Quinta,6.7
505,1,28.49,6,26,54,80,55,25,1,Chuvoso,1,Terça,7.6
506,1,19.68,2,25,5,30,32,-2,0,Chuvoso,16,Sexta,0.5
507,49,94.38,1,24,34,58,48,10,1,Ensolarado,20,Sexta,4.2
508,54,37.19,3,31,53,84,63,21,1,Ensolarado,19,Quarta,7.9
509,56,74.99,4,40,11,51,34,17,1,Chuvoso,9,Quinta,0.5
510,35,81.0,4,20,33,53,47,6,1,Ensolarado,17,Segunda,5.5
511,40,219.36,1,24,36,60,42,18,1,Chuvoso,20,Quinta,4.2
512,48,48.65,1,23,14,37,35,2,0,Garoa,19,Sexta,2.6
513,70,96.95,6,18,29,47,44,3,0,Ensolarado,20,Sábado,3.8
514,43,75.94,2,23,30,53,37,16,1,Chuvoso,14,Quinta,4.1
515,19,15.0,4,30,5,35,45,-10,0,Ensolarado,23,Sábado,0.6
516,21,221.05,3,38,39,77,41,36,1,Chuvoso,17,Quinta,3.1
517,70,47.79,2,25,15,40,46,-6,0,Ensolarado,9,Terça,4.3
518,20,64.14,3,19,21,40,38,2,0,Ensolarado,6,Quinta,2.3
519,56,33.04,2,22,35,57,47,10,1,Ensolarado,12,Sábado,4.2
520,57,164.9,1,29,13,42,30,12,1,Chuvoso,21,Domingo,0.5
521,2,43.19,6,37,19,56,50,6,1,Garoa,22,Sábado,1.5
522,3,42.65,2,70,20,90,44,46,1,Tempestade,21,Terça,1.0
523,26,66.27,3,21,83,104,52,52,1,Chuvoso,19,Sábado,7.0
524,74,66.47,2,12,17,29,32,-3,0,Ensolarado,16,Sexta,3.2
525,29,38.29,1,24,37,61,28,33,1,Tempestade,15,Sexta,1.3
526,68,116.67,2,21,5,26,30,-4,0,Garoa,16,Quarta,0.5
527,41,62.12,4,6,23,29,28,1,0,Ensolarado,22,Quarta,3.0
528,60,25.05,3,49,53,102,63,39,1,Nublado,19,Sábado,6.2
529,17,32.31,2,15,10,25,29,-4,0,Nublado,13,Segunda,0.5
530,24,31.19,4,15,23,38,35,3,0,Ensolarado,14,Terça,2.9
531,18,46.42,3,28,69,97,61,36,1,Nublado,12,Sexta,8.9
532,47,27.59,1,6,56,62,43,19,1,Ensolarado,13,Sábado,7.2
533,6,15.75,5,9,26,35,22,13,1,Ensolarado,20,Quinta,0.5
534,53,15.0,2,22,32,54,31,23,1,Garoa,14,Segunda,1.3
535,15,174.45,2,13,19,32,31,1,0,Nublado,19,Terça,2.1
536,31,84.86,2,35,25,60,40,20,1,Chuvoso,22,Quarta,1.5
537,70,19.26,2,21,15,36,35,1,0,Ensolarado,13,Domingo,0.9
538,30,35.6,3,9,65,74,47,27,1,Ensolarado,12,Sábado,7.7
539,45,49.05,1,18,28,46,27,19,1,Nublado,19,Segunda,0.5
540,57,146.26,3,19,34,53,51,2,0,Ensolarado,11,Sábado,7.0
541,8,104.74,1,10,11,21,21,0,0,Nublado,20,Domingo,0.5
542,80,34.38,1,31,34,65,40,25,1,Chuvoso,6,Quinta,2.5
543,18,77.1,4,23,57,80,67,13,1,Ensolarado,12,Domingo,10.7
544,30,15.0,1,13,29,42,29,13,1,Garoa,19,Terça,2.2
545,28,35.58,2,33,21,54,38,16,1,Chuvoso,16,Segunda,1.5
546,6,15.0,2,7,43,50,39,11,1,Ensolarado,19,Sexta,5.7
547,13,57.7,1,15,22,37,30,7,1,Ensolarado,19,Domingo,1.6
548,48,55.71,6,15,86,101,75,26,1,Ensolarado,19,Sexta,14.8
549,73,47.01,1,16,41,57,40,17,1,Ensolarado,12,Terça,4.9
550,66,148.98,4,10,15,25,23,2,0,Nublado,17,Sexta,0.8
551,24,50.33,2,18,31,49,28,21,1,Chuvoso,19,Sábado,0.9
552,73,21.75,2,22,55,77,47,30,1,Chuvoso,16,Sexta,6.9
553,7,22.45,3,23,19,42,32,10,1,Garoa,6,Domingo,0.8
554,24,46.46,3,20,37,57,50,7,1,Nublado,8,Sexta,7.4
555,6,15.0,1,13,21,34,26,8,1,Garoa,23,Domingo,1.8
556,63,34.68,3,20,29,49,47,2,0,Ensolarado,21,Sexta,5.1
557,74,79.98,1,13,34,47,25,22,1,Chuvoso,19,Domingo,1.0
558,41,17.51,1,9,11,20,21,-1,0,Ensolarado,6,Quarta,0.8
559,65,156.68,3,27,12,39,39,0,0,Nublado,20,Sexta,0.5
560,40,70.54,3,20,14,34,37,-3,0,Ensolarado,14,Sábado,2.8
561,6,41.9,3,10,7,17,22,-5,0,Ensolarado,18,Quarta,0.6
562,68,120.03,2,22,5,27,30,-3,0,Nublado,10,Sábado,0.5
563,18,92.42,1,29,25,54,33,21,1,Chuvoso,18,Sábado,0.5
564,37,95.35,1,25,56,81,44,37,1,Chuvoso,19,Sábado,5.1
565,31,76.98,3,26,22,48,46,2,0,Nublado,7,Quinta,3.4
566,14,42.36,1,18,68,86,41,45,1,Chuvoso,12,Sábado,5.5
567,52,106.06,6,31,16,47,43,4,0,Ensolarado,19,Sábado,2.2
568,58,18.25,2,24,36,60,43,17,1,Chuvoso,16,Sábado,4.7
569,5,23.0,5,20,48,68,67,1,0,Ensolarado,8,Sábado,11.1
570,41,59.26,2,11,34,45,31,14,1,Chuvoso,20,Segunda,3.8
571,11,74.82,1,36,26,62,52,10,1,Nublado,6,Sábado,3.9
572,1,60.5,3,23,19,42,41,1,0,Nublado,15,Quinta,3.4
573,34,35.03,3,10,16,26,26,0,0,Ensolarado,13,Quarta,2.1
574,32,89.27,1,16,27,43,26,17,1,Nublado,19,Terça,1.1
575,58,27.42,2,19,60,79,53,26,1,Nublado,21,Quarta,7.7
576,30,33.47,3,18,31,49,27,22,1,Tempestade,8,Domingo,1.8
577,19,18.77,2,33,18,51,49,2,0,Nublado,21,Sábado,1.8
578,28,55.73,1,25,21,46,39,7,1,Ensolarado,14,Sábado,2.0
579,19,15.0,2,37,63,100,65,35,1,Garoa,13,Sexta,6.7
580,35,20.27,1,22,22,44,32,12,1,Garoa,20,Domingo,1.0
581,59,34.56,2,33,15,48,38,10,1,Chuvoso,15,Quarta,0.5
582,21,24.97,3,17,13,30,38,-8,0,Ensolarado,17,Segunda,2.0
583,1,24.73,3,24,7,31,33,-2,0,Nublado,12,Sexta,0.9
584,44,73.38,5,22,55,77,78,-1,0,Ensolarado,16,Sábado,13.9
585,32,51.07,2,11,11,22,27,-5,0,Ensolarado,19,Quarta,1.3
586,62,69.81,5,30,40,70,59,11,1,Chuvoso,11,Quinta,7.2
587,42,109.38,4,29,9,38,38,0,0,Chuvoso,22,Segunda,0.9
588,71,15.0,2,25,23,48,40,8,1,Nublado,19,Segunda,0.5
589,8,78.65,4,11,21,32,30,2,0,Garoa,16,Segunda,3.2
590,34,44.68,3,19,47,66,33,33,1,Tempestade,7,Domingo,4.0
591,58,28.99,1,20,34,54,30,24,1,Garoa,19,Quinta,1.0
592,46,18.43,1,39,36,75,51,24,1,Chuvoso,7,Terça,4.2
593,2,31.92,2,39,17,56,52,4,0,Garoa,17,Quinta,2.1
594,45,22.11,4,24,12,36,28,8,1,Chuvoso,11,Quarta,1.0
595,46,24.95,1,23,42,65,57,8,1,Ensolarado,19,Quarta,5.8
596,12,28.68,2,26,57,83,69,14,1,Nublado,10,Sábado,9.4
597,55,86.95,3,25,7,32,33,-1,0,Nublado,9,Quinta,1.3
598,73,21.5,2,14,8,22,26,-4,0,Ensolarado,22,Terça,0.6
599,13,120.89,4,22,100,122,77,45,1,Chuvoso,8,Terça,15.6
600,27,126.89,2,26,25,51,27,24,1,Chuvoso,19,Segunda,0.8
601,41,67.42,3,11,34,45,42,3,0,Ensolarado,7,Quarta,7.0
602,78,132.12,1,14,27,41,33,8,1,Garoa,19,Quarta,2.5
603,54,41.53,2,31,35,66,45,21,1,Chuvoso,13,Quinta,2.6
604,75,29.38,1,20,46,66,56,10,1,Ensolarado,15,Sábado,7.9
605,39,73.55,4,15,53,68,56,12,1,Ensolarado,20,Domingo,8.5
606,26,28.3,3,25,25,50,34,16,1,Nublado,13,Sexta,1.5
607,54,66.57,1,21,25,46,57,-11,0,Ensolarado,11,Sábado,6.1
608,69,66.8,5,14,22,36,32,4,0,Ensolarado,21,Quinta,2.2
609,37,63.66,3,19,22,41,38,3,0,Ensolarado,20,Quarta,3.2
610,77,22.17,2,26,33,59,38,21,1,Chuvoso,9,Sexta,4.1
611,78,66.0,2,15,13,28,26,2,0,Ensolarado,3,Sábado,0.5
612,35,65.33,1,43,16,59,32,27,1,Tempestade,9,Quarta,0.9
613,65,62.48,2,20,21,41,41,0,0,Ensolarado,18,Quarta,1.0
614,46,38.09,1,22,17,39,45,-6,0,Ensolarado,17,Segunda,2.4
615,17,29.76,3,13,57,70,69,1,0,Nublado,10,Domingo,12.7
616,32,111.15,4,19,35,54,39,15,1,Garoa,20,Sábado,4.9
617,67,59.48,5,15,26,41,24,17,1,Nublado,13,Sexta,0.6
618,77,42.53,2,14,22,36,33,3,0,Ensolarado,16,Quinta,2.7
619,16,44.64,1,27,40,67,47,20,1,Chuvoso,10,Domingo,3.9
620,21,107.24,6,33,23,56,36,20,1,Chuvoso,23,Sexta,1.4
621,6,15.0,2,14,31,45,27,18,1,Chuvoso,23,Segunda,2.1
622,46,39.08,6,25,8,33,39,-6,0,Ensolarado,20,Domingo,0.5
623,43,228.53,2,24,24,48,30,18,1,Chuvoso,10,Sábado,1.9
624,56,45.24,3,28,13,41,34,7,1,Ensolarado,20,Sábado,0.5
625,62,37.24,1,26,21,47,39,8,1,Garoa,20,Sábado,1.2
626,76,27.79,3,18,24,42,32,10,1,Nublado,19,Domingo,0.9
627,50,20.39,3,23,70,93,52,41,1,Tempestade,9,Domingo,8.7
628,21,53.62,2,16,10,26,35,-9,0,Ensolarado,12,Sexta,1.1
629,64,23.99,5,13,13,26,26,0,0,Ensolarado,10,Sexta,0.7
630,51,31.76,5,21,34,55,26,29,1,Chuvoso,10,Terça,1.7
631,13,73.73,3,17,26,43,30,13,1,Ensolarado,20,Quarta,1.5
632,65,94.15,5,32,35,67,45,22,1,Chuvoso,21,Sábado,2.2
633,6,21.96,2,16,50,66,49,17,1,Garoa,22,Quinta,8.7
634,22,91.34,2,16,9,25,30,-5,0,Ensolarado,7,Quarta,1.0
635,2,85.4,3,53,70,123,92,31,1,Garoa,22,Sábado,14.2
636,74,156.29,5,12,10,22,23,-1,0,Chuvoso,9,Domingo,0.5
637,80,94.02,2,29,17,46,36,10,1,Nublado,20,Terça,1.4
638,2,99.45,4,33,39,72,60,12,1,Ensolarado,12,Sábado,4.4
639,34,47.63,6,9,15,24,27,-3,0,Ensolarado,22,Domingo,2.4
640,27,47.3,5,19,37,56,46,10,1,Nublado,22,Segunda,6.5
641,65,55.1,5,32,37,69,54,15,1,Nublado,22,Terça,5.0
642,60,45.75,6,26,10,36,48,-12,0,Ensolarado,8,Sábado,1.6
643,18,113.82,4,14,18,32,42,-10,0,Ensolarado,9,Domingo,3.0
644,11,39.56,2,37,24,61,47,14,1,Nublado,18,Domingo,2.3
645,21,67.34,1,17,13,30,33,-3,0,Ensolarado,11,Segunda,0.5
646,42,104.12,6,25,13,38,36,2,0,Chuvoso,0,Quinta,0.5
647,43,134.27,3,11,23,34,28,6,1,Ensolarado,21,Sexta,1.4
648,11,72.65,3,47,69,116,61,55,1,Tempestade,7,Sexta,6.4
649,24,15.0,4,12,32,44,43,1,0,Ensolarado,19,Terça,5.3
650,65,44.41,1,38,15,53,40,13,1,Garoa,12,Quarta,0.8
651,30,15.0,3,14,66,80,49,31,1,Chuvoso,9,Quinta,8.2
652,55,59.0,3,22,30,52,40,12,1,Nublado,21,Segunda,3.3
653,48,133.13,2,18,26,44,38,6,1,Garoa,15,Segunda,3.7
654,11,64.72,2,31,12,43,41,2,0,Ensolarado,21,Terça,0.5
655,33,60.67,4,29,41,70,55,15,1,Chuvoso,10,Sábado,6.9
656,74,49.71,1,9,20,29,33,-4,0,Ensolarado,11,Quarta,3.6
657,4,20.46,2,8,11,19,33,-14,0,Ensolarado,17,Sábado,1.8
658,71,20.33,3,41,15,56,40,16,1,Chuvoso,14,Quarta,0.6
659,15,22.75,2,15,19,34,35,-1,0,Ensolarado,10,Segunda,3.2
660,58,31.4,2,19,18,37,40,-3,0,Ensolarado,7,Sábado,3.8
661,74,26.19,3,12,43,55,53,2,0,Ensolarado,16,Sábado,9.6
662,75,32.74,2,25,20,45,42,3,0,Ensolarado,9,Domingo,3.7
663,17,57.48,2,10,12,22,32,-10,0,Ensolarado,11,Quinta,1.6
664,26,52.25,1,31,16,47,37,10,1,Chuvoso,6,Sábado,2.3
665,72,20.5,3,14,20,34,26,8,1,Garoa,13,Sexta,2.0
666,57,32.92,2,23,68,91,54,37,1,Chuvoso,17,Sábado,7.8
667,24,29.49,5,11,14,25,28,-3,0,Nublado,17,Domingo,0.9
668,72,43.98,4,11,11,22,24,-2,0,Garoa,15,Segunda,1.5
669,25,85.16,3,47,27,74,50,24,1,Chuvoso,16,Domingo,1.9
670,30,31.31,2,17,22,39,24,15,1,Chuvoso,18,Terça,0.9
671,60,38.17,1,34,19,53,44,9,1,Chuvoso,23,Domingo,0.5
672,10,18.7,6,15,15,30,25,5,0,Nublado,14,Domingo,0.5
673,55,77.6,5,16,15,31,32,-1,0,Ensolarado,18,Sábado,0.8
674,60,31.53,2,36,15,51,44,7,1,Ensolarado,21,Segunda,0.5
675,4,20.87,5,21,38,59,39,20,1,Nublado,12,Quarta,3.6
676,29,30.95,2,12,53,65,47,18,1,Nublado,20,Sexta,7.0
677,33,41.36,4,23,32,55,50,5,0,Nublado,14,Terça,5.5
678,63,23.17,1,25,32,57,45,12,1,Nublado,22,Domingo,4.6
679,47,32.14,2,5,19,24,23,1,0,Ensolarado,12,Sexta,1.2
680,72,40.84,1,10,20,30,24,6,1,Nublado,13,Sexta,1.4
681,69,83.2,3,13,26,39,34,5,0,Nublado,12,Terça,2.8
682,50,22.0,2,14,51,65,57,8,1,Ensolarado,4,Domingo,10.1
683,60,56.72,1,43,54,97,56,41,1,Tempestade,19,Domingo,4.0
684,80,63.43,3,23,21,44,38,6,1,Ensolarado,20,Quarta,1.9
685,10,27.62,1,27,55,82,36,46,1,Tempestade,19,Segunda,3.8
686,51,32.3,2,13,9,22,24,-2,0,Chuvoso,23,Quinta,1.1
687,1,23.96,2,21,14,35,40,-5,0,Ensolarado,14,Sábado,3.1
688,41,34.3,5,13,47,60,32,28,1,Chuvoso,20,Sábado,4.1
689,49,90.14,2,23,35,58,45,13,1,Ensolarado,20,Sexta,3.3
690,17,42.32,5,25,5,30,29,1,0,Tempestade,16,Terça,0.5
691,15,147.87,4,24,14,38,26,12,1,Chuvoso,3,Terça,0.5
692,68,71.52,4,25,19,44,30,14,1,Garoa,11,Quinta,0.5
693,56,43.05,3,28,31,59,43,16,1,Nublado,12,Sábado,3.0
694,19,15.0,3,37,21,58,49,9,1,Ensolarado,8,Segunda,1.6
695,3,37.81,2,32,28,60,55,5,0,Nublado,9,Domingo,4.4
696,27,81.37,3,26,15,41,33,8,1,Chuvoso,9,Domingo,2.5
697,25,71.1,3,32,13,45,45,0,0,Ensolarado,12,Quinta,0.6
698,16,34.21,3,27,16,43,38,5,0,Nublado,22,Sábado,1.2
699,46,32.65,4,26,40,66,59,7,1,Ensolarado,11,Quinta,6.4
700,7,42.8,3,19,32,51,35,16,1,Garoa,20,Segunda,1.9
701,74,79.74,4,12,56,68,65,3,0,Ensolarado,18,Segunda,13.2
702,46,15.05,2,29,60,89,66,23,1,Nublado,12,Domingo,8.5
703,43,83.06,3,8,23,31,25,6,1,Ensolarado,13,Quinta,0.5
704,72,22.91,1,10,39,49,21,28,1,Ensolarado,19,Sábado,0.5
705,29,61.28,2,15,46,61,47,14,1,Chuvoso,16,Sábado,7.1
706,44,33.6,1,18,11,29,35,-6,0,Ensolarado,18,Sexta,1.0
707,30,54.34,5,13,47,60,57,3,0,Nublado,6,Domingo,10.6
708,15,106.34,2,27,25,52,32,20,1,Tempestade,11,Sábado,2.3
709,76,51.95,4,26,105,131,76,55,1,Tempestade,8,Sábado,14.1
710,57,94.33,3,20,84,104,54,50,1,Chuvoso,20,Sexta,7.9
711,55,77.65,2,27,18,45,34,11,1,Garoa,19,Sábado,1.5
712,45,22.94,4,14,19,33,33,0,0,Ensolarado,14,Quinta,2.4
713,70,25.06,2,32,23,55,40,15,1,Chuvoso,17,Terça,2.5
714,69,43.22,3,15,18,33,31,2,0,Garoa,17,Sábado,1.9
715,26,76.09,5,30,29,59,42,17,1,Chuvoso,16,Sábado,3.8
716,19,17.46,2,33,10,43,45,-2,0,Ensolarado,9,Segunda,0.5
717,61,21.67,3,27,103,130,96,34,1,Ensolarado,20,Sábado,16.6
718,28,37.68,4,18,17,35,35,0,0,Ensolarado,12,Segunda,0.6
719,74,22.75,2,11,25,36,28,8,1,Ensolarado,12,Sábado,2.1
720,41,45.34,5,8,51,59,34,25,1,Nublado,12,Sábado,4.6
721,6,17.87,5,11,31,42,43,-1,0,Ensolarado,17,Domingo,6.9
722,32,185.31,2,12,11,23,25,-2,0,Ensolarado,16,Domingo,0.9
723,21,111.57,2,21,29,50,54,-4,0,Ensolarado,6,Sábado,7.0
724,24,16.82,3,22,31,53,39,14,1,Garoa,14,Sexta,4.3
725,28,29.22,3,29,65,94,48,46,1,Chuvoso,12,Sábado,4.5
726,56,70.57,1,23,35,58,48,10,1,Nublado,18,Terça,4.7
727,26,58.37,4,21,44,65,53,12,1,Ensolarado,12,Sábado,7.1
728,70,30.55,3,21,10,31,37,-6,0,Ensolarado,16,Sábado,1.6
729,33,54.06,2,28,7,35,37,-2,0,Garoa,18,Quinta,1.5
730,79,69.92,1,18,5,23,31,-8,0,Ensolarado,4,Terça,0.5
731,54,147.12,3,28,14,42,38,4,0,Ensolarado,12,Sábado,0.5
732,7,71.27,2,26,26,52,44,8,1,Chuvoso,18,Quarta,4.4
733,75,40.14,2,20,17,37,33,4,0,Nublado,8,Quinta,1.0
734,70,48.72,4,24,51,75,63,12,1,Ensolarado,20,Quarta,9.4
735,62,54.51,6,50,17,67,42,25,1,Tempestade,18,Quarta,2.1
736,33,68.07,2,17,25,42,40,2,0,Ensolarado,13,Domingo,2.6
737,29,74.56,2,13,47,60,53,7,1,Nublado,22,Domingo,8.8
738,1,67.78,3,27,32,59,39,20,1,Chuvoso,19,Terça,2.7
739,21,132.99,1,30,66,96,67,29,1,Chuvoso,9,Quinta,10.8
740,67,254.15,1,13,36,49,36,13,1,Nublado,21,Quarta,4.0
741,23,132.85,1,23,30,53,39,14,1,Chuvoso,23,Sábado,2.6
742,40,108.48,3,20,28,48,42,6,1,Ensolarado,19,Quinta,4.2
743,16,80.96,3,25,34,59,46,13,1,Chuvoso,15,Terça,3.6
744,1,82.36,2,32,14,46,38,8,1,Chuvoso,12,Sábado,2.5
745,21,85.31,1,25,19,44,40,4,0,Chuvoso,18,Terça,2.7
746,68,43.27,1,17,40,57,48,9,1,Ensolarado,19,Terça,6.1
747,53,33.38,3,17,13,30,29,1,0,Ensolarado,10,Terça,0.5
748,62,50.4,1,21,16,37,44,-7,0,Ensolarado,10,Sábado,2.8
749,53,39.9,2,21,27,48,39,9,1,Garoa,16,Terça,3.5
750,66,64.18,4,14,23,37,26,11,1,Garoa,0,Sábado,1.8
751,71,20.45,3,29,5,34,40,-6,0,Ensolarado,18,Terça,0.5
752,38,52.27,2,14,23,37,28,9,1,Ensolarado,19,Segunda,1.0
753,23,98.68,1,18,17,35,32,3,0,Nublado,23,Quarta,0.5
754,16,43.83,4,29,12,41,36,5,0,Ensolarado,9,Segunda,0.8
755,80,57.55,4,18,61,79,62,17,1,Ensolarado,12,Sábado,9.0
756,43,72.51,2,22,46,68,35,33,1,Chuvoso,5,Sábado,3.5
757,70,30.07,5,26,20,46,33,13,1,Nublado,13,Quinta,0.5
758,61,15.26,2,33,73,106,99,7,1,Ensolarado,7,Sábado,17.7
759,49,77.39,5,21,8,29,36,-7,0,Ensolarado,22,Quarta,0.6
760,21,35.27,1,31,13,44,33,11,1,Chuvoso,20,Sábado,0.5
761,59,64.48,2,36,7,43,38,5,0,Garoa,19,Segunda,0.5
762,56,37.11,3,37,17,54,44,10,1,Chuvoso,14,Sexta,3.5
763,58,25.97,1,18,15,33,32,1,0,Ensolarado,9,Quinta,1.4
764,40,181.38,1,23,31,54,38,16,1,Garoa,19,Sábado,3.0
765,59,78.11,1,36,43,79,65,14,1,Nublado,22,Segunda,8.7
766,73,40.31,3,18,32,50,33,17,1,Chuvoso,11,Quarta,2.6
767,80,95.91,6,25,22,47,36,11,1,Nublado,20,Sexta,1.4
768,43,111.98,4,14,30,44,39,5,0,Nublado,18,Quarta,4.6
769,16,42.45,2,19,29,48,50,-2,0,Ensolarado,7,Sábado,4.8
770,19,72.63,3,43,50,93,56,37,1,Chuvoso,19,Quinta,3.8
771,71,25.22,2,27,48,75,64,11,1,Nublado,23,Segunda,7.6
772,12,80.37,1,53,61,114,45,69,1,Tempestade,21,Sábado,2.2
773,52,31.59,1,31,10,41,38,3,0,Garoa,16,Quarta,0.7
774,8,79.7,2,11,18,29,28,1,0,Nublado,10,Sábado,2.5
775,13,61.1,5,11,29,40,44,-4,0,Nublado,15,Sábado,5.6
776,9,30.89,3,14,15,29,26,3,0,Nublado,14,Terça,1.2
777,68,75.35,1,18,25,43,35,8,1,Nublado,7,Quinta,2.2
778,58,43.29,2,23,14,37,32,5,0,Nublado,7,Sexta,1.5
779,16,39.36,6,29,27,56,42,14,1,Chuvoso,16,Terça,2.6
780,52,34.24,3,22,28,50,50,0,0,Ensolarado,13,Segunda,4.2
781,33,82.56,3,27,41,68,51,17,1,Nublado,17,Sexta,5.8
782,65,79.71,2,41,67,108,54,54,1,Chuvoso,19,Segunda,5.1
783,74,66.66,2,13,19,32,27,5,0,Garoa,12,Sábado,1.8
784,79,146.05,2,22,21,43,35,8,1,Ensolarado,16,Sábado,1.8
785,5,47.55,1,26,74,100,63,37,1,Chuvoso,8,Sábado,9.9
786,74,38.68,2,11,26,37,26,11,1,Garoa,18,Terça,1.3
787,44,23.53,1,33,21,54,35,19,1,Chuvoso,15,Sábado,1.1
788,79,82.68,3,18,45,63,49,14,1,Chuvoso,14,Domingo,6.1
789,44,99.05,6,29,39,68,33,35,1,Chuvoso,20,Quinta,0.5
790,65,74.61,1,34,28,62,44,18,1,Nublado,8,Sexta,1.9
791,15,41.78,3,16,8,24,26,-2,0,Nublado,22,Sábado,0.5
792,8,75.02,4,12,8,20,21,-1,0,Nublado,22,Terça,0.5
793,14,28.31,5,13,18,31,32,-1,0,Nublado,8,Quinta,2.8
794,12,162.75,5,42,19,61,50,11,1,Garoa,16,Quinta,3.9
795,16,32.25,6,31,87,118,68,50,1,Garoa,19,Quarta,10.2
796,79,197.77,4,20,25,45,50,-5,0,Nublado,15,Terça,6.3
797,5,99.87,5,29,42,71,37,34,1,Chuvoso,19,Quarta,2.1
798,64,19.02,2,11,65,76,52,24,1,Nublado,19,Domingo,8.7
799,4,34.97,3,19,6,25,29,-4,0,Ensolarado,18,Quarta,0.5
800,15,61.34,3,22,5,27,26,1,0,Garoa,23,Sábado,0.5
801,56,49.78,2,21,27,48,34,14,1,Ensolarado,19,Quarta,0.5
802,71,25.47,2,43,44,87,55,32,1,Chuvoso,15,Sexta,4.9
803,80,88.24,4,25,17,42,34,8,1,Ensolarado,19,Sábado,0.7
804,4,72.12,1,19,21,40,41,-1,0,Ensolarado,20,Sexta,4.2
805,54,90.35,2,34,29,63,47,16,1,Chuvoso,18,Terça,3.1
806,4,48.36,3,15,30,45,39,6,1,Chuvoso,12,Quarta,3.5
807,51,26.57,4,12,91,103,68,35,1,Ensolarado,12,Sábado,14.4
808,22,82.04,5,27,59,86,58,28,1,Chuvoso,7,Domingo,9.2
809,21,68.51,4,19,62,81,63,18,1,Ensolarado,19,Sexta,9.7
810,13,229.52,5,23,47,70,35,35,1,Chuvoso,20,Quarta,2.9
811,58,30.02,2,21,8,29,32,-3,0,Garoa,13,Domingo,1.4
812,66,116.23,3,13,15,28,29,-1,0,Ensolarado,17,Segunda,2.5
813,3,17.24,5,45,23,68,45,23,1,Chuvoso,20,Domingo,1.4
814,44,91.58,3,32,23,55,34,21,1,Chuvoso,19,Sábado,0.6
815,62,67.24,2,30,29,59,51,8,1,Garoa,18,Sábado,5.0
816,79,32.48,2,23,8,31,31,0,0,Ensolarado,9,Sábado,0.5
817,49,107.84,3,31,75,106,93,13,1,Nublado,16,Quinta,17.8
818,79,128.08,2,16,14,30,37,-7,0,Ensolarado,8,Sexta,2.5
819,64,28.02,2,15,31,46,35,11,1,Ensolarado,19,Terça,3.5
820,70,66.35,3,22,25,47,39,8,1,Nublado,5,Domingo,2.2
821,13,66.96,4,15,48,63,62,1,0,Ensolarado,16,Sexta,11.1
822,60,37.55,1,37,63,100,75,25,1,Ensolarado,12,Terça,9.7
823,6,18.78,1,9,17,26,22,4,0,Nublado,16,Quinta,0.5
824,57,91.49,2,16,12,28,33,-5,0,Ensolarado,10,Terça,1.5
825,30,31.12,6,17,27,44,41,3,0,Nublado,10,Sábado,5.9
826,6,34.75,3,13,94,107,68,39,1,Ensolarado,20,Domingo,14.4
827,25,35.61,3,33,30,63,62,1,0,Nublado,14,Domingo,5.7
828,80,102.07,5,19,36,55,64,-9,0,Ensolarado,22,Sábado,9.7
829,53,15.0,2,19,23,42,38,4,0,Nublado,22,Quinta,3.4
830,69,49.47,4,14,16,30,32,-2,0,Ensolarado,21,Sábado,2.3
831,27,18.02,2,31,37,68,35,33,1,Tempestade,14,Segunda,3.1
832,76,79.33,6,14,16,30,38,-8,0,Ensolarado,16,Domingo,2.8
833,77,53.43,3,15,30,45,49,-4,0,Ensolarado,17,Segunda,7.4
834,70,55.19,1,25,22,47,41,6,1,Nublado,20,Domingo,2.8
835,57,82.27,4,23,12,35,30,5,0,Garoa,17,Sábado,0.7
836,68,69.4,2,26,36,62,44,18,1,Chuvoso,18,Domingo,4.8
837,58,24.06,1,15,31,46,47,-1,0,Ensolarado,15,Quarta,6.1
838,48,19.37,2,20,95,115,70,45,1,Nublado,20,Sexta,13.3
839,26,41.52,2,16,53,69,64,5,0,Nublado,11,Quinta,10.5
840,67,82.45,3,15,6,21,25,-4,0,Nublado,1,Sábado,0.8
841,9,36.06,4,12,26,38,24,14,1,Nublado,18,Sábado,0.5
842,61,25.69,4,29,51,80,82,-2,0,Ensolarado,7,Domingo,12.4
843,63,69.9,2,34,160,194,96,98,1,Chuvoso,12,Segunda,20.0
844,56,79.74,3,23,16,39,34,5,0,Nublado,13,Sábado,0.5
845,45,60.53,3,21,29,50,40,10,1,Chuvoso,8,Quinta,4.5
846,51,50.69,5,16,59,75,48,27,1,Chuvoso,22,Terça,8.4
847,77,32.64,5,9,43,52,46,6,1,Ensolarado,20,Sábado,6.7
848,6,19.33,1,12,37,49,45,4,0,Ensolarado,17,Sexta,7.3
849,41,30.71,2,11,21,32,24,8,1,Garoa,18,Sexta,1.8
850,49,143.75,2,25,11,36,41,-5,0,Ensolarado,19,Domingo,2.2
851,71,25.79,2,25,34,59,67,-8,0,Ensolarado,18,Sexta,8.7
852,70,93.93,4,21,18,39,37,2,0,Ensolarado,20,Terça,1.6
853,8,40.34,6,9,9,18,21,-3,0,Garoa,21,Sábado,0.5
854,37,89.68,1,18,18,36,33,3,0,Ensolarado,15,Sexta,1.8
855,52,46.73,2,29,9,38,43,-5,0,Nublado,7,Sábado,2.2
856,58,26.17,3,14,33,47,50,-3,0,Ensolarado,8,Sábado,7.0
857,3,22.65,3,36,29,65,49,16,1,Nublado,21,Quarta,2.5
858,10,16.09,2,18,39,57,46,11,1,Nublado,12,Sexta,6.8
859,49,126.89,2,26,88,114,82,32,1,Ensolarado,12,Quinta,14.5
860,1,34.3,4,20,31,51,47,4,0,Nublado,10,Sábado,5.2
861,75,45.93,3,33,11,44,32,12,1,Tempestade,8,Sábado,0.6
862,28,64.23,2,23,25,48,44,4,0,Nublado,13,Quarta,3.3
863,4,30.4,1,32,22,54,29,25,1,Tempestade,18,Sábado,0.5
864,69,90.76,1,27,22,49,28,21,1,Tempestade,17,Quarta,1.2
865,1,60.91,1,23,16,39,41,-2,0,Nublado,7,Segunda,3.2
866,24,19.53,5,18,42,60,52,8,1,Nublado,17,Quinta,8.1
867,72,38.46,3,7,22,29,28,1,0,Garoa,17,Sexta,2.7
868,16,34.26,4,24,13,37,37,0,0,Ensolarado,20,Quinta,1.1
869,72,42.67,3,8,28,36,21,15,1,Nublado,19,Quarta,0.5
870,54,49.25,4,39,28,67,41,26,1,Chuvoso,13,Sexta,1.3
871,28,42.09,3,21,25,46,36,10,1,Ensolarado,20,Sexta,1.0
872,35,41.5,3,20,11,31,31,0,0,Garoa,14,Terça,0.5
873,66,107.06,2,12,5,17,22,-5,0,Nublado,22,Sábado,0.5
874,35,96.65,2,18,13,31,37,-6,0,Ensolarado,10,Sexta,2.5
875,73,21.62,2,17,29,46,31,15,1,Garoa,4,Terça,2.1
876,74,85.87,6,12,6,18,24,-6,0,Ensolarado,15,Quinta,0.9
877,18,49.81,4,25,11,36,33,3,0,Nublado,12,Sábado,0.5
878,56,19.33,2,24,26,50,44,6,1,Nublado,20,Quarta,3.4
879,69,56.15,4,24,11,35,26,9,1,Chuvoso,18,Quinta,0.5
880,23,151.61,3,24,48,72,55,17,1,Garoa,16,Quinta,7.6
881,3,37.18,3,35,53,88,61,27,1,Nublado,13,Domingo,6.2
882,8,72.74,2,8,31,39,34,5,0,Ensolarado,18,Sexta,4.5
883,21,66.31,2,21,38,59,51,8,1,Ensolarado,7,Sábado,6.0
884,71,15.0,2,31,47,78,60,18,1,Ensolarado,13,Sábado,6.4
885,52,41.31,3,23,21,44,37,7,1,Nublado,20,Sábado,0.5
886,8,86.07,1,10,42,52,35,17,1,Chuvoso,10,Terça,4.7
887,33,104.6,3,24,35,59,54,5,0,Ensolarado,4,Sexta,6.6
888,28,89.95,2,25,27,52,52,0,0,Ensolarado,4,Sexta,5.8
889,20,97.59,3,21,23,44,35,9,1,Nublado,9,Domingo,1.2
890,72,55.29,2,16,39,55,35,20,1,Chuvoso,2,Sábado,4.8
891,37,56.1,5,19,32,51,35,16,1,Garoa,7,Quinta,2.4
892,39,71.18,4,16,10,26,31,-5,0,Nublado,9,Sábado,1.0
893,78,32.5,2,17,62,79,41,38,1,Chuvoso,20,Terça,5.0
894,3,26.7,3,35,43,78,54,24,1,Nublado,19,Quarta,4.1
895,53,25.2,2,17,38,55,48,7,1,Ensolarado,11,Quinta,6.3
896,47,32.89,1,10,30,40,27,13,1,Nublado,21,Sexta,2.2
897,41,28.37,1,13,26,39,32,7,1,Nublado,7,Sexta,4.2
898,54,49.88,3,32,24,56,42,14,1,Ensolarado,20,Sexta,1.6
899,73,22.76,5,17,26,43,32,11,1,Chuvoso,8,Sexta,2.3
900,18,64.97,2,29,45,74,52,22,1,Nublado,20,Sábado,6.0
901,33,76.58,4,20,19,39,39,0,0,Ensolarado,4,Sexta,2.2
902,61,44.45,4,19,28,47,55,-8,0,Nublado,20,Quinta,4.3
903,70,111.05,1,22,22,44,37,7,1,Ensolarado,19,Sábado,1.7
904,26,69.86,2,34,24,58,37,21,1,Tempestade,15,Quarta,2.5
905,19,15.74,4,29,43,72,60,12,1,Ensolarado,21,Quinta,5.0
906,54,55.83,1,26,19,45,39,6,1,Ensolarado,20,Sexta,0.7
907,30,19.92,2,14,34,48,50,-2,0,Ensolarado,18,Sábado,8.7
908,3,23.57,5,33,10,43,42,1,0,Ensolarado,9,Sábado,0.5
909,6,15.0,3,9,9,18,28,-10,0,Ensolarado,14,Quinta,2.2
910,60,57.33,3,50,24,74,47,27,1,Chuvoso,19,Quinta,1.4
911,39,254.56,2,21,39,60,54,6,1,Ensolarado,13,Sexta,7.7
912,30,24.34,5,16,18,34,24,10,1,Chuvoso,13,Sábado,0.7
913,60,18.53,3,37,5,42,47,-5,0,Nublado,18,Sábado,1.4
914,40,92.01,2,18,10,28,30,-2,0,Nublado,9,Terça,0.5
915,4,33.02,2,26,17,43,29,14,1,Chuvoso,17,Sábado,0.5
916,18,79.1,1,20,7,27,36,-9,0,Ensolarado,22,Segunda,1.2
917,27,20.76,2,13,16,29,26,3,0,Ensolarado,22,Quinta,0.5
918,70,68.02,6,27,13,40,33,7,1,Ensolarado,7,Segunda,0.5
919,16,45.25,3,33,16,49,37,12,1,Chuvoso,18,Sexta,1.0
920,5,42.17,2,15,18,33,37,-4,0,Nublado,22,Sábado,2.0
921,9,47.11,2,17,44,61,43,18,1,Chuvoso,10,Sábado,6.2
922,79,35.0,2,22,9,31,31,0,0,Nublado,3,Sexta,0.5
923,13,62.77,1,16,14,30,33,-3,0,Ensolarado,9,Segunda,2.3
924,10,31.66,2,18,10,28,25,3,0,Chuvoso,9,Domingo,0.5
925,55,58.13,4,23,80,103,63,40,1,Nublado,13,Sexta,10.3
926,28,29.22,4,19,26,45,47,-2,0,Ensolarado,6,Segunda,4.4
927,60,57.3,2,36,49,85,59,26,1,Garoa,21,Quinta,5.1
928,74,39.16,3,15,12,27,28,-1,0,Garoa,18,Terça,1.9
929,3,25.83,1,28,19,47,44,3,0,Ensolarado,11,Quinta,1.0
930,69,55.9,6,23,14,37,26,11,1,Chuvoso,12,Domingo,0.5
931,38,75.53,3,18,19,37,31,6,1,Nublado,21,Sábado,2.0
932,56,20.87,4,31,20,51,36,15,1,Chuvoso,22,Sexta,0.9
933,49,111.8,3,22,89,111,100,11,1,Nublado,22,Quinta,20.0
934,14,22.09,3,12,14,26,27,-1,0,Ensolarado,3,Terça,1.4
935,34,64.1,2,8,21,29,33,-4,0,Ensolarado,23,Sábado,4.0
936,13,84.12,4,15,32,47,39,8,1,Ensolarado,22,Sexta,4.2
937,41,18.02,4,13,61,74,56,18,1,Chuvoso,11,Segunda,11.4
938,20,35.8,2,21,26,47,40,7,1,Nublado,7,Domingo,2.7
939,40,155.55,3,21,29,50,36,14,1,Garoa,21,Quarta,2.4
940,31,76.19,4,14,25,39,41,-2,0,Ensolarado,21,Sexta,1.9
941,60,62.14,2,34,41,75,60,15,1,Ensolarado,21,Terça,5.2
942,36,89.69,5,18,13,31,35,-4,0,Ensolarado,18,Terça,1.9
943,77,48.71,4,16,28,44,35,9,1,Nublado,19,Sábado,3.3
944,36,45.45,3,20,31,51,50,1,0,Nublado,17,Segunda,6.2
945,17,61.66,5,29,37,66,40,26,1,Tempestade,16,Domingo,3.8
946,51,40.39,2,15,38,53,39,14,1,Garoa,16,Domingo,5.5
947,60,36.05,4,35,11,46,44,2,0,Ensolarado,10,Sexta,0.5
948,16,64.37,2,33,30,63,50,13,1,Nublado,15,Sexta,4.9
949,49,183.65,3,28,65,93,62,31,1,Garoa,19,Terça,8.4
950,64,82.51,2,13,26,39,39,0,0,Ensolarado,15,Sábado,4.6
951,28,33.98,2,27,12,39,37,2,0,Nublado,17,Quarta,1.4
952,62,147.94,3,29,22,51,52,-1,0,Nublado,17,Quarta,5.2
953,31,36.23,4,24,17,41,37,4,0,Ensolarado,13,Sexta,0.7
954,6,59.82,2,8,42,50,42,8,1,Ensolarado,13,Sábado,6.5
955,7,44.58,1,24,14,38,31,7,1,Ensolarado,8,Sexta,0.5
956,66,109.77,2,10,9,19,23,-4,0,Nublado,11,Quarta,0.7
957,80,68.74,4,18,10,28,38,-10,0,Ensolarado,8,Domingo,1.8
958,70,45.81,4,28,21,49,34,15,1,Garoa,9,Sexta,0.6
959,69,115.36,2,14,26,40,35,5,0,Chuvoso,16,Sábado,3.1
960,44,49.52,3,22,56,78,80,-2,0,Ensolarado,17,Sexta,14.6
961,55,155.4,3,31,27,58,31,27,1,Nublado,6,Sábado,0.5
962,73,15.0,3,15,12,27,28,-1,0,Ensolarado,14,Quarta,1.1
963,60,51.66,1,28,9,37,44,-7,0,Ensolarado,22,Quarta,0.5
964,35,40.05,3,24,13,37,31,6,1,Ensolarado,21,Domingo,0.5
965,7,61.38,2,30,51,81,55,26,1,Chuvoso,18,Terça,7.9
966,57,69.13,5,27,24,51,30,21,1,Chuvoso,18,Sexta,0.5
967,24,26.51,1,14,40,54,46,8,1,Nublado,13,Quarta,6.3
968,24,22.49,3,18,43,61,53,8,1,Ensolarado,9,Sábado,8.4
969,26,46.3,2,18,13,31,31,0,0,Ensolarado,17,Sábado,0.5
970,13,94.72,2,14,15,29,34,-5,0,Ensolarado,11,Quarta,2.6
971,16,37.86,5,22,6,28,35,-7,0,Nublado,18,Quarta,0.5
972,17,24.95,2,19,31,50,33,17,1,Garoa,13,Sexta,1.7
973,70,51.64,3,29,43,72,51,21,1,Chuvoso,9,Segunda,5.9
974,68,152.09,2,23,11,34,33,1,0,Ensolarado,22,Sábado,1.6
975,17,23.45,3,36,27,63,32,31,1,Tempestade,7,Segunda,1.6
976,61,37.78,1,34,17,51,43,8,1,Chuvoso,2,Quinta,0.9
977,76,53.72,5,32,38,70,45,25,1,Chuvoso,11,Terça,4.9
978,21,116.95,3,21,21,42,33,9,1,Ensolarado,12,Quarta,0.5
979,2,122.25,3,19,5,24,47,-23,0,Ensolarado,8,Sábado,0.5
980,28,68.24,6,26,19,45,34,11,1,Nublado,21,Quarta,0.5
981,47,25.82,6,10,14,24,21,3,0,Nublado,17,Quarta,0.5
982,52,68.2,3,25,9,34,37,-3,0,Nublado,19,Terça,0.5
983,17,27.85,3,20,9,29,29,0,0,Nublado,18,Sexta,0.7
984,62,51.71,4,28,70,98,56,42,1,Nublado,12,Quinta,6.4
985,28,112.86,2,22,6,28,34,-6,0,Ensolarado,14,Quinta,0.5
986,53,36.58,2,22,25,47,37,10,1,Chuvoso,0,Sábado,3.1
987,4,54.52,5,20,36,56,45,11,1,Garoa,15,Segunda,5.3
988,73,44.45,2,17,13,30,31,-1,0,Nublado,15,Segunda,2.1
989,17,56.26,2,20,12,32,33,-1,0,Ensolarado,11,Segunda,1.8
990,62,43.75,4,23,15,38,41,-3,0,Ensolarado,17,Quinta,2.0
991,27,31.05,2,13,5,18,27,-9,0,Ensolarado,13,Quinta,0.8
992,59,77.56,4,34,38,72,63,9,1,Garoa,11,Sábado,7.9
993,22,103.03,4,28,10,38,29,9,1,Chuvoso,19,Quarta,0.7
994,26,34.51,2,14,10,24,31,-7,0,Ensolarado,14,Sábado,0.5
995,52,69.02,3,23,15,38,47,-9,0,Ensolarado,18,Sexta,3.5
996,68,43.23,3,13,35,48,53,-5,0,Ensolarado,9,Segunda,7.5
997,10,15.0,4,11,20,31,38,-7,0,Ensolarado,9,Segunda,4.4
998,54,112.61,3,25,11,36,39,-3,0,Ensolarado,19,Quarta,0.6
999,61,15.0,6,35,19,54,42,12,1,Chuvoso,12,Quarta,0.5
1000,13,55.54,4,18,16,34,37,-3,0,Ensolarado,15,Sábado,3.7
1001,34,33.6,1,11,105,116,84,32,1,Chuvoso,22,Segunda,19.4
1002,22,79.46,4,27,25,52,30,22,1,Chuvoso,15,Terça,0.8
1003,1,41.5,2,23,47,70,46,24,1,Chuvoso,20,Terça,4.8
1004,34,22.75,1,11,63,74,43,31,1,Chuvoso,20,Quinta,7.1
1005,74,68.91,6,13,18,31,30,1,0,Nublado,15,Sábado,2.7
1006,7,40.65,2,21,21,42,38,4,0,Ensolarado,15,Sábado,2.6
1007,42,148.98,3,30,24,54,39,15,1,Garoa,18,Segunda,1.2
1008,21,137.4,5,19,19,38,42,-4,0,Ensolarado,11,Sexta,3.3
1009,14,42.53,3,12,17,29,25,4,0,Ensolarado,21,Terça,0.7
1010,58,33.02,1,19,12,31,31,0,0,Ensolarado,12,Terça,1.2
1011,7,44.96,4,16,31,47,40,7,1,Ensolarado,20,Segunda,3.4
1012,72,60.87,1,8,5,13,25,-12,0,Ensolarado,15,Sexta,1.8
1013,18,116.16,5,32,31,63,52,11,1,Nublado,9,Segunda,6.1
1014,62,34.85,3,26,31,57,54,3,0,Ensolarado,23,Sexta,5.9
1015,14,60.75,2,11,34,45,33,12,1,Ensolarado,19,Sábado,3.1
1016,15,103.72,4,20,11,31,27,4,0,Chuvoso,23,Sábado,0.8
1017,19,50.25,2,31,34,65,57,8,1,Chuvoso,14,Terça,4.2
1018,51,55.45,2,10,31,41,38,3,0,Nublado,8,Domingo,5.4
1019,52,30.11,2,22,48,70,56,14,1,Ensolarado,12,Sábado,6.1
1020,31,18.76,4,23,34,57,53,4,0,Ensolarado,13,Sábado,5.6
1021,52,44.69,2,32,45,77,50,27,1,Ensolarado,21,Sexta,4.3
1022,1,29.89,1,16,12,28,32,-4,0,Ensolarado,12,Quarta,0.5
1023,69,58.51,1,14,19,33,28,5,0,Ensolarado,18,Quinta,1.1
1024,29,136.74,4,17,101,118,80,38,1,Ensolarado,21,Sábado,17.0
1025,5,16.66,3,22,45,67,65,2,0,Ensolarado,18,Sexta,10.7
1026,37,169.73,2,19,39,58,53,5,0,Nublado,16,Sexta,7.9
1027,78,72.68,1,18,13,31,29,2,0,Nublado,18,Segunda,1.4
1028,39,104.57,2,32,46,78,39,39,1,Tempestade,20,Terça,3.3
1029,31,200.11,4,37,5,42,37,5,0,Nublado,15,Segunda,0.7
1030,18,96.53,2,35,12,47,33,14,1,Chuvoso,18,Sexta,0.5
1031,46,15.0,5,25,33,58,49,9,1,Ensolarado,13,Sexta,3.4
1032,33,144.48,1,32,64,96,53,43,1,Tempestade,10,Sexta,6.5
1033,35,56.03,5,23,27,50,32,18,1,Nublado,20,Segunda,0.9
1034,42,192.67,4,33,29,62,39,23,1,Chuvoso,14,Quinta,1.3
1035,45,47.49,2,15,43,58,55,3,0,Ensolarado,11,Segunda,8.9
1036,45,18.16,4,15,36,51,53,-2,0,Ensolarado,22,Domingo,8.4
1037,57,65.31,2,12,24,36,40,-4,0,Nublado,17,Terça,3.7
1038,52,44.87,2,36,33,69,43,26,1,Chuvoso,18,Terça,2.2
1039,28,51.99,3,27,10,37,40,-3,0,Ensolarado,7,Sexta,2.3
1040,29,67.7,2,14,8,22,25,-3,0,Ensolarado,18,Domingo,0.5
1041,59,121.7,6,24,61,85,61,24,1,Ensolarado,13,Quarta,7.4
1042,71,40.75,6,32,5,37,40,-3,0,Ensolarado,14,Quinta,0.6
1043,73,59.8,2,18,25,43,28,15,1,Chuvoso,12,Quinta,1.1
1044,11,84.16,2,29,122,151,106,45,1,Nublado,19,Sexta,20.0
1045,54,44.83,6,27,26,53,48,5,0,Ensolarado,19,Domingo,3.4
1046,16,59.19,6,38,28,66,36,30,1,Chuvoso,14,Quinta,0.8
1047,48,128.28,2,21,42,63,52,11,1,Garoa,18,Sexta,7.8
1048,50,36.09,1,24,120,144,59,85,1,Tempestade,12,Terça,10.9
1049,25,97.18,3,37,5,42,52,-10,0,Ensolarado,20,Sábado,2.6
1050,1,64.17,1,22,19,41,34,7,1,Ensolarado,17,Domingo,1.1
1051,60,22.64,3,33,11,44,48,-4,0,Ensolarado,13,Terça,1.7
1052,69,66.15,2,15,15,30,26,4,0,Ensolarado,11,Sábado,0.5
1053,66,196.88,4,17,51,68,30,38,1,Chuvoso,21,Sábado,2.8
1054,62,35.65,3,30,39,69,54,15,1,Chuvoso,9,Sábado,5.8
1055,6,27.23,4,9,25,34,27,7,1,Ensolarado,21,Sexta,2.1
1056,39,58.42,4,18,24,42,39,3,0,Ensolarado,17,Segunda,3.2
1057,40,219.38,5,24,16,40,31,9,1,Nublado,13,Sábado,0.9
1058,63,21.2,3,28,34,62,32,30,1,Chuvoso,21,Terça,0.7
1059,66,23.1,2,11,20,31,30,1,0,Ensolarado,1,Sábado,3.0
1060,62,28.17,3,26,16,42,41,1,0,Ensolarado,4,Sexta,2.0
1061,78,80.49,2,19,25,44,27,17,1,Chuvoso,10,Segunda,0.8
1062,34,18.54,2,11,17,28,29,-1,0,Nublado,14,Sexta,2.8
1063,52,111.69,1,19,16,35,40,-5,0,Ensolarado,12,Quinta,1.3
1064,68,64.32,1,14,12,26,35,-9,0,Ensolarado,17,Segunda,2.0
1065,35,41.44,1,19,22,41,39,2,0,Ensolarado,16,Sábado,3.1
1066,3,26.84,2,53,79,132,79,53,1,Chuvoso,17,Sexta,11.5
1067,46,21.08,1,32,5,37,39,-2,0,Ensolarado,18,Sábado,0.5
1068,80,116.99,1,29,18,47,35,12,1,Garoa,20,Quarta,1.0
1069,76,30.76,2,22,72,94,87,7,1,Ensolarado,18,Quinta,17.5
1070,34,47.99,6,7,27,34,40,-6,0,Ensolarado,17,Segunda,6.2
1071,77,45.59,1,15,8,23,26,-3,0,Nublado,18,Domingo,0.5
1072,44,54.78,2,25,9,34,38,-4,0,Ensolarado,4,Sábado,1.8
1073,78,23.91,1,14,26,40,31,9,1,Ensolarado,19,Sábado,2.0
1074,2,45.43,4,73,40,113,59,54,1,Tempestade,22,Domingo,4.2
1075,80,123.32,3,23,33,56,52,4,0,Ensolarado,1,Sábado,6.1
1076,40,131.78,2,19,8,27,30,-3,0,Nublado,2,Terça,0.5
1077,13,71.85,4,17,19,36,29,7,1,Nublado,16,Quarta,1.1
1078,24,26.18,3,14,10,24,31,-7,0,Ensolarado,8,Sábado,1.7
1079,35,111.83,2,23,36,59,56,3,0,Ensolarado,18,Segunda,8.0
1080,52,47.84,3,28,21,49,40,9,1,Ensolarado,20,Sexta,1.2
1081,57,76.84,5,16,11,27,37,-10,0,Ensolarado,0,Quinta,2.8
1082,56,27.4,5,32,5,37,35,2,0,Ensolarado,18,Domingo,0.7
1083,51,72.6,6,11,17,28,32,-4,0,Ensolarado,18,Quarta,3.4
1084,33,144.43,3,52,48,100,44,56,1,Tempestade,7,Quarta,3.7
1085,45,16.82,5,13,10,23,34,-11,0,Nublado,9,Sexta,2.8
1086,2,44.44,2,46,13,59,48,11,1,Nublado,2,Quarta,0.8
1087,23,145.55,2,14,27,41,41,0,0,Ensolarado,13,Terça,3.3
1088,39,60.99,3,20,17,37,40,-3,0,Garoa,18,Quarta,3.7
1089,38,28.1,5,25,30,55,26,29,1,Tempestade,20,Sexta,0.5
1090,65,118.72,2,25,33,58,49,9,1,Nublado,20,Segunda,3.4
1091,50,15.4,1,14,50,64,46,18,1,Chuvoso,8,Domingo,6.9
1092,3,44.72,3,34,27,61,52,9,1,Nublado,13,Domingo,3.6
1093,29,18.84,6,16,26,42,35,7,1,Ensolarado,11,Quarta,3.5
1094,4,62.81,2,20,29,49,29,20,1,Nublado,21,Quarta,0.5
1095,43,48.27,5,21,10,31,25,6,1,Chuvoso,8,Sexta,0.5
1096,23,71.69,1,20,51,71,52,19,1,Nublado,12,Sábado,6.7
1097,54,94.3,5,27,30,57,55,2,0,Ensolarado,23,Domingo,5.5
1098,62,38.76,5,29,12,41,43,-2,0,Nublado,21,Quarta,2.6
1099,61,28.79,4,56,34,90,45,45,1,Tempestade,8,Quarta,1.3
1100,50,22.72,2,20,60,80,50,30,1,Nublado,19,Domingo,8.0
1101,59,88.95,5,52,28,80,42,38,1,Tempestade,14,Domingo,1.7
1102,73,31.1,2,11,25,36,29,7,1,Ensolarado,12,Sábado,1.4
1103,32,163.92,3,14,29,43,33,10,1,Ensolarado,19,Sexta,3.3
1104,17,49.05,2,23,29,52,33,19,1,Chuvoso,11,Quarta,1.9
1105,70,32.1,3,26,8,34,34,0,0,Nublado,19,Sexta,0.6
1106,66,44.45,3,23,101,124,44,80,1,Tempestade,19,Quinta,7.1
1107,56,22.21,4,24,9,33,35,-2,0,Ensolarado,8,Terça,0.8
1108,14,42.39,4,14,24,38,34,4,0,Nublado,1,Quarta,3.5
1109,32,68.88,5,12,12,24,30,-6,0,Ensolarado,23,Sábado,2.3
1110,71,40.78,2,25,26,51,45,6,1,Nublado,23,Domingo,2.1
1111,67,66.49,1,12,12,24,28,-4,0,Nublado,15,Quarta,1.8
1112,66,45.81,3,8,12,20,26,-6,0,Ensolarado,19,Quinta,1.7
1113,49,82.6,5,28,47,75,51,24,1,Nublado,19,Sexta,5.1
1114,46,28.81,4,19,22,41,43,-2,0,Nublado,20,Sexta,1.6
1115,22,138.52,2,15,15,30,29,1,0,Nublado,4,Domingo,0.5
1116,16,126.29,3,32,40,72,45,27,1,Nublado,19,Sexta,3.4
1117,17,99.66,2,19,5,24,30,-6,0,Ensolarado,5,Quarta,0.9
1118,78,84.78,3,17,23,40,26,14,1,Nublado,20,Quinta,0.5
1119,10,26.16,4,12,14,26,29,-3,0,Ensolarado,6,Sexta,1.8
1120,24,19.12,4,17,40,57,48,9,1,Ensolarado,15,Sábado,7.0
1121,47,27.79,2,8,25,33,33,0,0,Ensolarado,22,Sábado,4.1
1122,27,57.08,4,17,5,22,28,-6,0,Nublado,15,Terça,1.0
1123,59,93.83,3,25,7,32,38,-6,0,Ensolarado,10,Quinta,0.5
1124,38,61.69,1,21,26,47,26,21,1,Chuvoso,21,Sábado,0.5
1125,50,21.51,3,12,14,26,28,-2,0,Ensolarado,8,Quinta,1.5
1126,19,26.3,5,33,33,66,48,18,1,Nublado,13,Sábado,1.3
1127,77,41.16,5,14,9,23,28,-5,0,Chuvoso,13,Quinta,1.0
1128,7,29.22,5,18,7,25,31,-6,0,Ensolarado,17,Sábado,0.5
1129,11,27.61,2,30,14,44,41,3,0,Nublado,9,Sábado,0.6
1130,44,159.33,1,27,38,65,51,14,1,Nublado,20,Quinta,5.9
1131,64,31.69,2,14,13,27,25,2,0,Nublado,8,Terça,0.5
1132,6,22.71,1,14,6,20,22,-2,0,Nublado,15,Sábado,0.5
1133,80,47.32,3,25,77,102,74,28,1,Nublado,21,Quarta,12.6
1134,64,19.04,2,13,12,25,29,-4,0,Nublado,14,Segunda,1.7
1135,59,31.17,4,34,9,43,38,5,0,Nublado,17,Sexta,0.5
1136,49,46.04,1,32,21,53,41,12,1,Chuvoso,5,Terça,2.3
1137,77,38.15,2,19,40,59,35,24,1,Chuvoso,21,Sábado,3.1
1138,28,56.08,2,29,22,51,34,17,1,Nublado,22,Segunda,0.5
1139,63,34.15,3,28,39,67,46,21,1,Chuvoso,18,Sexta,4.9
1140,15,114.76,3,15,30,45,39,6,1,Nublado,20,Terça,4.6
1141,59,104.26,2,21,17,38,44,-6,0,Ensolarado,22,Segunda,2.1
1142,55,70.14,3,23,72,95,60,35,1,Nublado,13,Segunda,9.3
1143,52,47.65,2,42,33,75,43,32,1,Chuvoso,12,Terça,2.3
1144,78,26.24,3,27,18,45,27,18,1,Chuvoso,16,Sexta,0.7
1145,25,40.27,6,44,5,49,45,4,0,Nublado,8,Sábado,0.5
1146,41,59.96,6,9,8,17,21,-4,0,Garoa,15,Sábado,0.7
1147,37,69.01,3,8,33,41,39,2,0,Ensolarado,12,Sexta,3.5
1148,4,22.52,3,15,13,28,32,-4,0,Ensolarado,23,Quinta,1.4
1149,74,48.38,2,11,8,19,24,-5,0,Nublado,16,Sexta,0.8
1150,45,15.0,1,16,34,50,45,5,0,Garoa,18,Sábado,6.0
1151,26,50.76,4,23,29,52,49,3,0,Ensolarado,2,Sexta,5.9
1152,43,81.05,2,18,46,64,46,18,1,Nublado,20,Domingo,6.7
1153,49,123.38,2,26,39,65,65,0,0,Ensolarado,17,Sexta,9.5
1154,18,54.83,3,27,17,44,33,11,1,Ensolarado,12,Sábado,0.5
1155,51,25.37,2,13,57,70,41,29,1,Chuvoso,12,Segunda,6.3
1156,75,34.67,2,24,52,76,46,30,1,Ensolarado,19,Sexta,4.9
1157,37,71.42,5,22,58,80,48,32,1,Chuvoso,12,Quarta,6.2
1158,49,79.22,3,23,25,48,42,6,1,Nublado,20,Sábado,2.5
1159,22,74.26,4,14,9,23,33,-10,0,Ensolarado,21,Sexta,1.9
1160,47,67.24,2,11,19,30,25,5,0,Chuvoso,14,Sábado,1.6
1161,32,66.43,2,16,16,32,27,5,0,Nublado,19,Quarta,1.3
1162,2,32.85,2,58,50,108,56,52,1,Tempestade,19,Sábado,3.4
1163,9,55.54,6,12,17,29,27,2,0,Ensolarado,22,Quarta,1.3
1164,51,72.82,2,11,18,29,28,1,0,Nublado,18,Sábado,2.4
1165,31,25.05,4,32,17,49,37,12,1,Chuvoso,18,Domingo,0.8
1166,14,91.21,3,13,24,37,34,3,0,Nublado,12,Segunda,3.5
1167,2,66.07,2,40,36,76,65,11,1,Garoa,11,Quinta,6.1
1168,19,26.91,4,46,16,62,45,17,1,Chuvoso,12,Segunda,0.5
1169,28,56.42,3,12,8,20,36,-16,0,Ensolarado,21,Quinta,1.1
1170,25,38.67,4,44,18,62,51,11,1,Garoa,16,Terça,2.2
1171,33,51.76,5,21,10,31,39,-8,0,Ensolarado,16,Sábado,2.3
1172,33,35.7,1,33,28,61,36,25,1,Chuvoso,20,Domingo,1.2
1173,39,37.3,3,24,50,74,44,30,1,Chuvoso,19,Quinta,4.9
1174,46,20.92,3,36,10,46,41,5,0,Chuvoso,0,Domingo,1.1
1175,22,82.59,3,14,14,28,34,-6,0,Ensolarado,7,Quinta,2.1
1176,37,76.36,2,21,38,59,49,10,1,Nublado,18,Quarta,6.5
1177,74,45.65,2,12,38,50,39,11,1,Ensolarado,21,Quarta,5.2
1178,49,83.39,1,19,21,40,36,4,0,Ensolarado,12,Quinta,0.8
1179,11,42.03,3,36,46,82,55,27,1,Nublado,12,Segunda,4.7
1180,3,40.09,1,32,5,37,42,-5,0,Ensolarado,10,Quinta,0.5
1181,47,24.74,1,10,38,48,24,24,1,Ensolarado,19,Quarta,1.5
1182,19,24.33,1,41,22,63,47,16,1,Nublado,18,Quarta,1.1
1183,2,32.51,1,35,18,53,51,2,0,Ensolarado,15,Sábado,1.7
1184,14,15.0,3,14,15,29,27,2,0,Nublado,14,Terça,1.3
1185,20,72.72,2,20,23,43,33,10,1,Nublado,20,Sábado,0.5
1186,47,18.73,3,13,21,34,22,12,1,Chuvoso,20,Sábado,0.7
1187,73,43.48,1,22,21,43,36,7,1,Nublado,23,Sábado,3.5
1188,53,39.77,3,11,72,83,64,19,1,Nublado,20,Domingo,11.2
1189,48,119.24,2,16,25,41,35,6,1,Nublado,19,Sábado,2.7
1190,15,49.24,5,16,22,38,32,6,1,Nublado,10,Domingo,2.3
1191,14,52.49,4,18,46,64,37,27,1,Chuvoso,13,Sábado,4.4
1192,29,101.45,3,11,25,36,28,8,1,Ensolarado,21,Quinta,1.5
1193,36,84.03,4,21,20,41,31,10,1,Ensolarado,13,Quinta,0.5
1194,66,40.95,4,10,12,22,23,-1,0,Ensolarado,18,Terça,0.9
1195,18,68.25,4,27,21,48,33,15,1,Nublado,20,Quarta,0.5
1196,53,46.74,3,20,26,46,38,8,1,Nublado,17,Quinta,3.4
1197,73,38.6,2,12,23,35,33,2,0,Ensolarado,17,Domingo,2.7
1198,39,195.55,2,20,52,72,41,31,1,Chuvoso,20,Sexta,3.9
1199,79,101.14,3,16,65,81,63,18,1,Ensolarado,20,Sexta,10.3
1200,17,39.65,3,15,24,39,30,9,1,Nublado,7,Domingo,0.8
1201,46,28.79,4,32,40,72,55,17,1,Nublado,17,Quinta,5.2
1202,42,105.42,1,21,21,42,46,-4,0,Ensolarado,9,Domingo,3.5
1203,2,42.45,3,28,38,66,63,3,0,Ensolarado,20,Sábado,5.3
1204,75,56.35,5,33,21,54,32,22,1,Chuvoso,18,Segunda,0.5
1205,23,89.53,1,14,38,52,39,13,1,Ensolarado,21,Sexta,2.8
1206,59,48.97,3,27,17,44,43,1,0,Ensolarado,8,Sexta,1.8
1207,1,62.73,3,19,15,34,34,0,0,Ensolarado,10,Sábado,1.2
1208,56,56.42,2,25,13,38,34,4,0,Garoa,21,Quarta,0.5
1209,36,100.13,1,23,11,34,36,-2,0,Ensolarado,23,Quinta,2.2
1210,66,122.4,2,10,15,25,31,-6,0,Ensolarado,23,Quinta,3.1
1211,25,17.55,4,30,28,58,57,1,0,Ensolarado,13,Sexta,4.2
1212,19,75.06,5,58,46,104,55,49,1,Tempestade,20,Quinta,3.5
1213,77,31.8,2,16,18,34,36,-2,0,Ensolarado,11,Sábado,3.5
1214,45,44.06,3,19,23,42,27,15,1,Nublado,13,Quinta,0.5
1215,22,118.05,5,12,10,22,29,-7,0,Ensolarado,15,Terça,0.5
1216,47,15.0,3,9,25,34,24,10,1,Garoa,20,Terça,1.5
1217,67,107.82,4,14,16,30,30,0,0,Ensolarado,8,Segunda,2.2
1218,38,38.05,1,17,45,62,47,15,1,Garoa,16,Quinta,6.8
1219,69,57.38,4,14,29,43,45,-2,0,Nublado,18,Quinta,6.2
1220,33,159.53,3,23,24,47,41,6,1,Ensolarado,18,Quinta,2.7
1221,19,24.22,2,32,20,52,50,2,0,Ensolarado,17,Quinta,1.9
1222,18,42.54,2,29,50,79,58,21,1,Chuvoso,18,Sexta,8.0
1223,66,171.09,2,7,28,35,34,1,0,Nublado,16,Quinta,4.0
1224,50,41.05,1,23,34,57,36,21,1,Chuvoso,23,Sexta,3.8
1225,14,44.56,4,11,18,29,30,-1,0,Ensolarado,15,Sábado,2.2
1226,13,40.36,3,29,8,37,27,10,1,Chuvoso,23,Domingo,0.5
1227,5,64.56,3,19,45,64,60,4,0,Ensolarado,7,Domingo,9.0
1228,3,35.28,3,23,7,30,42,-12,0,Ensolarado,19,Domingo,0.5
1229,10,19.99,2,14,11,25,25,0,0,Ensolarado,20,Quarta,0.5
1230,36,61.58,3,20,52,72,53,19,1,Nublado,20,Quinta,7.1
1231,75,41.96,4,22,21,43,32,11,1,Garoa,19,Quinta,0.5
1232,38,32.59,4,15,47,62,40,22,1,Garoa,12,Segunda,4.7
1233,18,106.85,3,18,29,47,46,1,0,Ensolarado,19,Sexta,4.4
1234,29,35.75,4,15,13,28,28,0,0,Garoa,9,Segunda,1.3
1235,17,29.28,3,16,30,46,48,-2,0,Ensolarado,18,Quarta,6.2
1236,49,185.47,2,21,15,36,38,-2,0,Ensolarado,21,Quarta,1.3
1237,30,26.3,2,17,15,32,25,7,1,Ensolarado,21,Segunda,1.1
1238,35,39.5,4,23,54,77,63,14,1,Nublado,17,Terça,10.2
1239,31,78.86,4,24,33,57,46,11,1,Nublado,11,Sábado,3.4
1240,40,63.75,1,20,26,46,37,9,1,Ensolarado,21,Quarta,2.8
1241,33,33.02,6,24,55,79,66,13,1,Nublado,22,Terça,10.2
1242,5,48.2,3,26,38,64,38,26,1,Nublado,20,Quarta,2.5
1243,43,51.59,3,16,13,29,25,4,0,Ensolarado,10,Sábado,0.5
1244,63,16.33,2,18,24,42,34,8,1,Ensolarado,19,Terça,1.3
1245,61,40.71,3,32,26,58,53,5,0,Chuvoso,12,Sábado,3.8
1246,27,51.37,1,17,56,73,44,29,1,Nublado,13,Sábado,5.9
1247,22,159.81,2,19,119,138,83,55,1,Garoa,21,Segunda,16.9
1248,56,42.21,1,35,142,177,92,85,1,Chuvoso,19,Domingo,17.9
1249,80,96.0,2,31,47,78,44,34,1,Garoa,21,Sexta,3.7
1250,11,41.57,2,31,37,68,55,13,1,Ensolarado,21,Domingo,4.6
1251,38,62.11,4,16,16,32,31,1,0,Ensolarado,7,Sábado,2.1
1252,45,35.46,2,22,54,76,55,21,1,Nublado,19,Sábado,8.9
1253,10,40.84,3,17,31,48,27,21,1,Ensolarado,12,Sábado,1.2
1254,23,129.97,1,21,18,39,35,4,0,Ensolarado,18,Sábado,1.6
1255,46,19.69,2,24,35,59,62,-3,0,Ensolarado,7,Quinta,7.3
1256,54,44.44,5,28,24,52,48,4,0,Ensolarado,10,Segunda,3.4
1257,59,25.99,3,37,15,52,38,14,1,Garoa,18,Sábado,0.5
1258,71,17.64,1,37,110,147,69,78,1,Tempestade,19,Terça,9.2
1259,36,33.58,6,23,6,29,31,-2,0,Nublado,18,Domingo,0.5
1260,39,46.84,3,14,14,28,33,-5,0,Ensolarado,21,Sábado,1.4
1261,60,23.7,2,40,26,66,53,13,1,Garoa,22,Sexta,3.3
1262,38,20.05,2,25,23,48,29,19,1,Chuvoso,14,Domingo,1.3
1263,74,58.13,2,14,31,45,34,11,1,Chuvoso,9,Segunda,3.8
1264,7,36.44,2,24,36,60,43,17,1,Garoa,12,Segunda,4.3
1265,58,44.03,3,25,33,58,39,19,1,Garoa,14,Sexta,3.5
1266,44,72.27,4,23,27,50,48,2,0,Ensolarado,9,Sexta,4.9
1267,67,59.8,4,18,31,49,31,18,1,Garoa,10,Sábado,2.5
1268,80,140.93,2,18,27,45,42,3,0,Nublado,7,Segunda,3.1
1269,6,24.64,3,12,16,28,25,3,0,Ensolarado,14,Domingo,1.4
1270,72,50.24,4,8,32,40,43,-3,0,Ensolarado,22,Sábado,7.0
1271,50,15.72,5,13,11,24,28,-4,0,Nublado,21,Sexta,1.3
1272,4,40.78,4,26,41,67,48,19,1,Chuvoso,16,Quinta,6.2
1273,66,29.68,6,10,47,57,42,15,1,Ensolarado,20,Sexta,6.5
1274,77,59.32,5,14,16,30,28,2,0,Nublado,20,Sexta,1.0
1275,2,40.43,3,35,27,62,54,8,1,Nublado,13,Sábado,2.8
1276,69,66.88,6,20,19,39,27,12,1,Nublado,22,Segunda,0.7
1277,19,44.91,3,55,57,112,74,38,1,Chuvoso,7,Quinta,9.2
1278,77,22.29,2,11,5,16,26,-10,0,Ensolarado,9,Segunda,0.5
1279,60,15.0,2,39,31,70,50,20,1,Nublado,19,Domingo,2.4
1280,17,24.05,1,25,71,96,67,29,1,Chuvoso,7,Sexta,12.0
1281,19,29.3,3,30,11,41,47,-6,0,Nublado,10,Sábado,1.2
1282,6,18.25,3,11,15,26,30,-4,0,Ensolarado,6,Sexta,2.9
1283,70,45.78,1,27,129,156,98,58,1,Garoa,20,Quinta,20.0
1284,11,49.24,1,33,11,44,42,2,0,Ensolarado,6,Sábado,0.7
1285,26,37.2,3,21,36,57,43,14,1,Nublado,20,Sábado,4.2
1286,63,35.77,5,24,10,34,32,2,0,Nublado,21,Terça,0.5
1287,44,28.54,3,35,39,74,41,33,1,Chuvoso,4,Terça,2.9
1288,22,225.42,1,27,83,110,53,57,1,Chuvoso,21,Segunda,7.9
1289,78,116.16,4,16,8,24,26,-2,0,Ensolarado,9,Segunda,0.5
1290,62,41.28,4,23,22,45,46,-1,0,Nublado,15,Terça,3.3
1291,71,57.25,2,42,23,65,50,15,1,Chuvoso,7,Sexta,3.5
1292,34,40.74,6,16,116,132,64,68,1,Chuvoso,20,Quinta,13.4
1293,34,28.97,3,11,22,33,27,6,1,Garoa,19,Quarta,2.4
1294,41,64.01,4,12,29,41,29,12,1,Chuvoso,8,Sábado,3.1
1295,25,66.25,1,30,27,57,55,2,0,Ensolarado,17,Quarta,3.6
1296,44,59.95,2,26,47,73,64,9,1,Nublado,14,Sábado,9.7
1297,33,48.46,4,23,32,55,58,-3,0,Ensolarado,22,Segunda,8.0
1298,21,23.51,3,23,9,32,33,-1,0,Ensolarado,18,Sábado,0.5
1299,24,34.44,3,14,16,30,29,1,0,Ensolarado,0,Terça,1.1
1300,52,30.07,4,32,45,77,42,35,1,Chuvoso,21,Quinta,1.8
1301,17,69.2,3,23,27,50,30,20,1,Nublado,19,Terça,1.0
1302,23,65.09,1,20,24,44,34,10,1,Nublado,14,Domingo,1.3
1303,21,44.19,3,24,14,38,34,4,0,Garoa,9,Sexta,0.8
1304,28,44.93,2,21,20,41,41,0,0,Ensolarado,20,Quinta,2.4
1305,17,70.01,2,14,39,53,45,8,1,Ensolarado,8,Sexta,5.3
1306,62,77.34,4,21,27,48,42,6,1,Ensolarado,19,Sexta,2.1
1307,49,98.3,4,26,23,49,41,8,1,Ensolarado,18,Quarta,2.3
1308,74,38.28,2,10,26,36,27,9,1,Nublado,19,Domingo,1.7
1309,8,110.43,2,9,26,35,27,8,1,Nublado,18,Segunda,2.4
1310,31,51.65,4,31,44,75,54,21,1,Chuvoso,14,Quarta,5.7
1311,19,23.63,2,43,18,61,48,13,1,Garoa,4,Sábado,1.4
1312,54,101.92,5,30,21,51,48,3,0,Ensolarado,20,Sexta,3.4
1313,49,42.4,2,28,28,56,43,13,1,Ensolarado,19,Sexta,2.7
1314,37,106.32,2,34,21,55,29,26,1,Chuvoso,19,Quarta,0.5
1315,10,25.45,2,26,26,52,30,22,1,Tempestade,7,Sábado,2.1
1316,60,86.22,5,33,35,68,59,9,1,Nublado,10,Quinta,5.1
1317,44,83.75,2,21,20,41,45,-4,0,Nublado,8,Domingo,3.9
1318,14,38.41,6,14,9,23,25,-2,0,Nublado,8,Sábado,0.7
1319,13,28.69,1,18,35,53,43,10,1,Chuvoso,10,Terça,5.5
1320,6,18.21,2,11,16,27,23,4,0,Nublado,8,Sábado,0.9
1321,67,60.36,4,18,33,51,31,20,1,Nublado,13,Domingo,2.7
1322,55,31.58,6,18,8,26,32,-6,0,Ensolarado,18,Sexta,0.8
1323,23,200.14,3,29,92,121,58,63,1,Tempestade,21,Segunda,8.5
1324,65,44.34,2,37,34,71,50,21,1,Chuvoso,23,Sexta,3.9
1325,53,52.49,2,16,23,39,34,5,0,Ensolarado,19,Sábado,2.1
1326,71,26.51,1,23,13,36,40,-4,0,Nublado,17,Domingo,0.5
1327,32,81.81,1,11,24,35,30,5,0,Garoa,17,Segunda,2.3
1328,69,145.78,3,11,10,21,26,-5,0,Ensolarado,15,Sábado,0.5
1329,27,27.27,3,20,91,111,73,38,1,Chuvoso,15,Sábado,14.7
1330,61,56.81,4,31,24,55,50,5,0,Ensolarado,11,Sexta,3.0
1331,48,44.62,3,12,7,19,34,-15,0,Ensolarado,22,Terça,2.4
1332,51,53.45,4,8,28,36,42,-6,0,Ensolarado,7,Sexta,6.4
1333,70,33.9,3,24,5,29,33,-4,0,Ensolarado,21,Sábado,0.5
1334,57,169.61,4,19,68,87,57,30,1,Nublado,20,Domingo,8.7
1335,52,54.42,5,27,26,53,45,8,1,Nublado,13,Quinta,2.8
1336,9,53.16,1,12,30,42,38,4,0,Ensolarado,6,Domingo,4.7
1337,51,53.83,3,11,16,27,28,-1,0,Garoa,14,Quarta,2.2
1338,76,50.52,5,21,28,49,45,4,0,Ensolarado,20,Sábado,4.8
1339,26,69.04,3,29,31,60,42,18,1,Garoa,19,Segunda,3.9
1340,42,139.25,3,21,40,61,54,7,1,Ensolarado,21,Segunda,5.7
1341,3,22.74,1,27,18,45,46,-1,0,Nublado,13,Terça,1.6
1342,23,126.52,2,29,32,61,41,20,1,Garoa,19,Terça,3.2
1343,65,69.52,3,35,10,45,39,6,1,Garoa,8,Sexta,0.5
1344,34,32.07,2,15,25,40,29,11,1,Chuvoso,22,Terça,3.0
1345,65,192.15,2,40,67,107,60,47,1,Chuvoso,13,Quarta,6.8
1346,57,49.58,3,23,37,60,47,13,1,Nublado,6,Quinta,5.8
1347,37,57.53,3,30,96,126,74,52,1,Chuvoso,8,Sábado,14.2
1348,52,100.49,5,42,40,82,40,42,1,Chuvoso,12,Sexta,1.2
1349,1,17.02,5,21,60,81,68,13,1,Ensolarado,20,Domingo,11.4
1350,36,139.63,2,35,26,61,31,30,1,Tempestade,15,Segunda,0.5
1351,23,177.68,3,15,17,32,39,-7,0,Ensolarado,22,Segunda,2.8
1352,28,27.44,3,21,48,69,65,4,0,Nublado,16,Domingo,9.6
1353,12,59.74,1,29,70,99,76,23,1,Nublado,12,Domingo,11.6
1354,38,138.35,2,17,22,39,29,10,1,Nublado,13,Quinta,1.5
1355,73,24.99,5,12,10,22,27,-5,0,Ensolarado,6,Domingo,0.7
1356,6,16.88,3,9,5,14,26,-12,0,Ensolarado,18,Quinta,1.7
1357,58,31.19,4,27,43,70,36,34,1,Chuvoso,12,Sexta,2.8
1358,64,17.29,4,12,10,22,27,-5,0,Ensolarado,14,Quarta,1.1
1359,24,30.52,6,13,8,21,27,-6,0,Nublado,9,Quarta,0.5
1360,23,87.97,3,19,20,39,36,3,0,Ensolarado,20,Segunda,1.7
1361,11,31.68,2,37,13,50,41,9,1,Chuvoso,9,Domingo,0.6
1362,45,30.26,3,20,25,45,27,18,1,Chuvoso,23,Sábado,0.5
1363,58,15.25,2,14,5,19,29,-10,0,Ensolarado,9,Quarta,0.5
1364,65,65.0,3,33,12,45,39,6,1,Ensolarado,8,Quarta,0.5
1365,25,67.77,2,28,23,51,57,-6,0,Ensolarado,3,Quarta,4.1
1366,42,76.2,5,20,39,59,66,-7,0,Ensolarado,17,Terça,9.4
1367,54,33.16,3,29,15,44,38,6,1,Ensolarado,13,Sexta,0.5
1368,35,75.16,6,19,16,35,32,3,0,Chuvoso,12,Segunda,0.8
1369,53,15.0,2,19,115,134,85,49,1,Nublado,12,Sábado,17.3
1370,46,24.56,1,31,26,57,45,12,1,Nublado,22,Domingo,2.3
1371,23,113.49,3,20,9,29,32,-3,0,Nublado,17,Domingo,0.5
1372,37,115.19,3,21,15,36,32,4,0,Ensolarado,19,Domingo,1.5
1373,73,22.24,2,26,86,112,53,59,1,Chuvoso,12,Quinta,8.6
1374,46,62.97,3,35,15,50,42,8,1,Nublado,7,Segunda,1.5
1375,4,40.42,1,19,21,40,38,2,0,Ensolarado,10,Domingo,3.4
1376,28,56.37,1,39,16,55,36,19,1,Chuvoso,17,Quinta,1.0
1377,28,70.59,3,16,11,27,37,-10,0,Ensolarado,16,Terça,1.2
1378,77,67.99,1,14,15,29,31,-2,0,Ensolarado,22,Domingo,2.1
1379,21,114.41,2,20,14,34,37,-3,0,Ensolarado,21,Quinta,1.7
1380,6,15.0,1,13,74,87,32,55,1,Tempestade,13,Domingo,3.6
1381,21,83.58,4,20,12,32,33,-1,0,Garoa,19,Quinta,0.7
1382,11,58.61,2,40,14,54,42,12,1,Garoa,12,Sábado,0.7
1383,45,32.92,1,14,35,49,34,15,1,Nublado,21,Terça,2.6
1384,53,49.89,6,32,84,116,61,55,1,Tempestade,10,Sexta,10.3
1385,29,41.58,1,26,44,70,40,30,1,Chuvoso,6,Domingo,5.1
1386,67,111.66,3,13,13,26,27,-1,0,Nublado,14,Domingo,1.3
1387,9,21.6,2,12,17,29,32,-3,0,Ensolarado,19,Sábado,3.0
1388,80,163.99,4,18,31,49,47,2,0,Ensolarado,13,Sexta,4.5
1389,67,32.55,3,9,40,49,35,14,1,Nublado,20,Quarta,3.7
1390,57,95.44,6,16,12,28,30,-2,0,Ensolarado,2,Segunda,0.5
1391,23,108.09,5,20,29,49,38,11,1,Chuvoso,20,Sexta,2.4
1392,50,41.44,2,14,31,45,39,6,1,Chuvoso,14,Sexta,4.6
1393,9,15.11,1,17,17,34,29,5,0,Garoa,8,Quarta,1.9
1394,71,16.81,5,31,17,48,43,5,0,Nublado,19,Sexta,1.4
1395,13,115.2,1,21,55,76,48,28,1,Chuvoso,18,Sexta,6.9
1396,38,18.7,2,17,38,55,39,16,1,Chuvoso,16,Sexta,4.5
1397,35,62.4,1,28,8,36,31,5,0,Tempestade,6,Quarta,0.6
1398,38,45.43,5,13,13,26,27,-1,0,Nublado,9,Quarta,0.7
1399,30,53.24,5,14,29,43,27,16,1,Nublado,13,Quarta,1.6
1400,64,38.39,1,14,41,55,53,2,0,Ensolarado,16,Sábado,9.0
1401,25,16.91,4,80,26,106,54,52,1,Tempestade,19,Sexta,3.1
1402,25,36.02,3,48,13,61,45,16,1,Chuvoso,19,Quarta,0.5
1403,18,67.08,1,27,15,42,34,8,1,Chuvoso,7,Sexta,0.7
1404,73,28.5,2,19,21,40,32,8,1,Nublado,16,Quinta,2.3
1405,68,102.12,2,17,61,78,59,19,1,Ensolarado,21,Segunda,9.4
1406,1,22.55,4,24,34,58,52,6,1,Nublado,9,Domingo,6.6
1407,33,103.1,4,24,23,47,46,1,0,Nublado,16,Sexta,4.4
1408,32,245.05,4,15,22,37,32,5,0,Ensolarado,8,Quinta,3.0
1409,53,38.41,2,15,24,39,45,-6,0,Ensolarado,22,Sexta,5.4
1410,36,96.41,4,23,28,51,37,14,1,Nublado,20,Domingo,2.4
1411,73,48.61,4,17,49,66,44,22,1,Ensolarado,12,Sábado,6.1
1412,28,40.56,2,20,9,29,34,-5,0,Ensolarado,10,Sábado,0.5
1413,59,122.41,3,26,13,39,39,0,0,Ensolarado,8,Terça,0.6
1414,60,26.65,4,40,30,70,53,17,1,Chuvoso,20,Segunda,3.3
1415,69,94.81,3,17,26,43,35,8,1,Chuvoso,4,Segunda,3.1
1416,33,103.33,1,21,53,74,78,-4,0,Ensolarado,6,Terça,13.9
1417,55,37.74,5,23,40,63,47,16,1,Chuvoso,18,Sábado,5.5
1418,48,88.72,2,16,16,32,33,-1,0,Ensolarado,10,Domingo,2.2
1419,61,21.59,5,39,22,61,53,8,1,Garoa,7,Sábado,3.9
1420,43,92.76,4,11,38,49,37,12,1,Nublado,13,Terça,4.2
1421,4,19.29,3,13,10,23,29,-6,0,Ensolarado,11,Sexta,0.6
1422,1,49.26,2,21,37,58,60,-2,0,Ensolarado,1,Terça,9.2
1423,47,25.43,1,9,87,96,51,45,1,Garoa,21,Sexta,9.5
1424,17,39.38,2,26,10,36,29,7,1,Chuvoso,10,Sexta,0.5
1425,59,33.18,2,31,33,64,48,16,1,Garoa,17,Quinta,3.3
1426,46,30.49,2,32,9,41,40,1,0,Ensolarado,13,Quinta,0.9
1427,77,42.83,1,17,16,33,32,1,0,Ensolarado,8,Domingo,2.3
1428,32,283.64,3,16,84,100,65,35,1,Chuvoso,8,Sábado,12.9
1429,12,65.69,2,28,30,58,58,0,0,Ensolarado,4,Quarta,6.2
1430,5,49.88,2,24,28,52,42,10,1,Garoa,18,Quarta,3.7
1431,35,157.89,2,33,19,52,32,20,1,Tempestade,17,Quarta,1.0
1432,54,157.22,3,27,18,45,41,4,0,Nublado,6,Sábado,1.2
1433,36,219.14,1,16,28,44,48,-4,0,Nublado,9,Domingo,5.6
1434,58,15.0,1,14,30,44,42,2,0,Ensolarado,14,Sábado,4.6
1435,34,45.75,5,9,21,30,24,6,1,Ensolarado,13,Sexta,1.5
1436,40,44.99,2,27,18,45,37,8,1,Garoa,23,Segunda,2.7
1437,45,30.49,4,14,24,38,42,-4,0,Ensolarado,18,Domingo,5.1
1438,27,23.58,3,24,8,32,27,5,0,Chuvoso,19,Quarta,0.7
1439,9,34.38,2,11,11,22,24,-2,0,Nublado,12,Sábado,0.5
1440,77,68.89,3,16,9,25,26,-1,0,Nublado,15,Sexta,0.5
1441,13,157.01,2,11,20,31,33,-2,0,Ensolarado,12,Sábado,2.4
1442,69,59.47,1,16,10,26,26,0,0,Ensolarado,16,Sexta,0.5
1443,29,45.12,6,20,5,25,25,0,0,Chuvoso,5,Segunda,0.5
1444,12,181.59,3,26,32,58,40,18,1,Ensolarado,13,Sábado,0.7
1445,34,17.98,4,13,45,58,42,16,1,Chuvoso,7,Segunda,6.8
1446,29,28.12,3,18,22,40,25,15,1,Chuvoso,20,Terça,0.6
1447,12,106.31,3,46,19,65,39,26,1,Tempestade,11,Quinta,0.5
1448,4,27.3,5,16,24,40,37,3,0,Nublado,22,Segunda,3.0
1449,51,32.99,3,12,6,18,23,-5,0,Ensolarado,13,Quarta,0.9
1450,10,17.64,2,16,52,68,43,25,1,Tempestade,3,Sexta,5.9
1451,61,28.45,4,21,11,32,42,-10,0,Ensolarado,19,Sexta,0.5
1452,25,68.35,3,43,31,74,60,14,1,Chuvoso,16,Segunda,5.2
1453,63,15.24,5,22,29,51,38,13,1,Nublado,19,Sexta,2.5
1454,35,62.77,6,18,29,47,44,3,0,Nublado,16,Quinta,4.6
1455,18,93.43,2,23,31,54,44,10,1,Garoa,18,Quinta,3.7
1456,28,75.86,2,36,19,55,35,20,1,Chuvoso,3,Segunda,0.8
1457,39,127.58,2,35,19,54,30,24,1,Tempestade,19,Segunda,0.6
1458,57,225.16,2,21,20,41,35,6,1,Ensolarado,7,Quinta,2.1
1459,17,44.29,3,19,9,28,29,-1,0,Nublado,18,Quarta,0.5
1460,24,16.8,2,11,16,27,27,0,0,Ensolarado,21,Segunda,0.5
1461,34,46.75,5,14,19,33,25,8,1,Nublado,2,Quarta,1.8
1462,45,15.0,3,15,37,52,47,5,0,Ensolarado,17,Domingo,6.6
1463,62,46.68,2,26,19,45,37,8,1,Ensolarado,17,Domingo,0.8
1464,12,74.53,3,29,17,46,44,2,0,Ensolarado,17,Sábado,2.0
1465,18,59.84,2,28,19,47,33,14,1,Chuvoso,12,Sexta,0.5
1466,2,70.5,3,25,15,40,47,-7,0,Nublado,18,Quinta,0.5
1467,61,39.51,3,49,19,68,48,20,1,Chuvoso,21,Sábado,2.2
1468,34,49.28,2,11,34,45,30,15,1,Garoa,12,Segunda,3.2
1469,2,16.89,4,34,81,115,112,3,0,Ensolarado,11,Sábado,20.0
1470,15,72.32,4,14,5,19,26,-7,0,Ensolarado,7,Quarta,0.5
1471,60,22.95,3,51,42,93,60,33,1,Chuvoso,15,Terça,5.4
1472,73,32.12,3,15,62,77,50,27,1,Nublado,12,Sábado,7.9
1473,47,27.53,3,10,19,29,36,-7,0,Nublado,10,Quinta,5.0
1474,10,21.55,4,15,13,28,26,2,0,Ensolarado,19,Terça,0.7
1475,63,17.78,6,17,9,26,32,-6,0,Ensolarado,21,Sexta,0.7
1476,74,59.86,3,15,39,54,33,21,1,Garoa,19,Quinta,3.5
1477,5,68.76,3,23,14,37,32,5,0,Nublado,18,Sábado,0.5
1478,71,22.49,1,30,10,40,43,-3,0,Ensolarado,18,Sexta,1.5
1479,78,44.75,2,15,10,25,32,-7,0,Ensolarado,8,Sábado,2.3
1480,36,92.52,2,18,44,62,51,11,1,Ensolarado,12,Sábado,6.5
1481,29,34.78,2,15,40,55,50,5,0,Nublado,14,Sábado,8.0
1482,12,30.82,2,25,19,44,49,-5,0,Ensolarado,18,Quinta,3.4
1483,75,80.35,3,19,47,66,59,7,1,Nublado,11,Sábado,8.9
1484,56,54.33,2,26,5,31,37,-6,0,Ensolarado,14,Sábado,1.2
1485,55,28.22,3,22,25,47,41,6,1,Chuvoso,8,Quarta,3.5
1486,79,54.83,3,19,102,121,95,26,1,Garoa,9,Sábado,20.0
1487,36,75.8,3,21,5,26,32,-6,0,Ensolarado,2,Domingo,0.8
1488,29,32.15,2,15,56,71,50,21,1,Nublado,21,Domingo,8.0
1489,12,46.63,4,36,35,71,57,14,1,Garoa,18,Segunda,5.8
1490,56,52.08,5,38,11,49,34,15,1,Chuvoso,8,Segunda,0.5
1491,13,88.33,5,16,12,28,27,1,0,Garoa,16,Sábado,0.5
1492,70,79.67,1,21,7,28,33,-5,0,Ensolarado,11,Domingo,0.5
1493,68,85.02,2,23,31,54,33,21,1,Nublado,20,Quarta,1.5
1494,69,84.01,1,17,19,36,30,6,1,Nublado,19,Quarta,1.6
1495,48,86.4,2,14,31,45,44,1,0,Nublado,9,Domingo,5.5
1496,19,23.67,5,33,12,45,45,0,0,Ensolarado,17,Sexta,0.5
1497,76,32.43,6,29,32,61,37,24,1,Chuvoso,12,Quinta,2.5
1498,64,21.92,4,13,21,34,29,5,0,Ensolarado,21,Domingo,1.7
1499,74,24.1,3,12,47,59,30,29,1,Garoa,20,Segunda,2.5
1500,49,39.83,3,30,28,58,41,17,1,Garoa,20,Sábado,2.1
1501,43,83.7,2,17,31,48,37,11,1,Nublado,20,Quarta,4.2
1502,62,57.67,1,40,39,79,45,34,1,Chuvoso,22,Quinta,3.2
1503,64,17.06,5,17,24,41,37,4,0,Ensolarado,21,Domingo,4.0
1504,74,98.63,1,11,35,46,32,14,1,Ensolarado,13,Domingo,3.1
1505,8,36.77,5,13,16,29,21,8,1,Ensolarado,20,Quarta,0.6
1506,36,53.56,4,35,50,85,40,45,1,Tempestade,21,Sexta,3.2
1507,38,58.19,4,20,32,52,29,23,1,Tempestade,14,Segunda,1.5
1508,79,34.29,4,23,15,38,33,5,0,Nublado,22,Quinta,1.1
1509,47,18.04,4,15,49,64,34,30,1,Chuvoso,19,Domingo,4.4
1510,41,33.62,3,8,42,50,33,17,1,Ensolarado,19,Sexta,4.4
1511,60,45.6,1,45,26,71,45,26,1,Nublado,20,Sábado,0.7
1512,67,33.7,4,10,19,29,30,-1,0,Nublado,5,Sexta,2.2
1513,35,79.91,2,25,14,39,32,7,1,Nublado,8,Quinta,0.9
1514,3,47.17,6,34,28,62,52,10,1,Nublado,7,Terça,3.5
1515,49,165.47,3,21,37,58,40,18,1,Chuvoso,20,Sábado,2.0
1516,65,54.13,4,24,7,31,41,-10,0,Nublado,20,Quarta,1.0
1517,18,297.06,4,26,20,46,37,9,1,Chuvoso,11,Sábado,1.6
1518,5,57.74,5,17,58,75,76,-1,0,Ensolarado,10,Quinta,13.8
1519,66,75.68,5,11,19,30,34,-4,0,Ensolarado,22,Domingo,4.2
1520,28,51.19,5,26,17,43,37,6,1,Nublado,22,Sábado,1.4
1521,42,193.41,2,43,35,78,45,33,1,Chuvoso,23,Terça,3.0
1522,27,101.56,1,13,66,79,60,19,1,Ensolarado,13,Quinta,10.8
1523,50,51.62,4,12,26,38,31,7,1,Ensolarado,13,Domingo,2.4
1524,78,83.56,3,17,16,33,34,-1,0,Nublado,14,Domingo,2.9
1525,54,69.67,5,25,18,43,40,3,0,Ensolarado,8,Sábado,0.9
1526,77,28.86,1,16,17,33,30,3,0,Nublado,20,Quarta,1.7
1527,9,28.17,2,15,11,26,27,-1,0,Garoa,21,Sexta,1.3
1528,7,27.97,1,20,33,53,42,11,1,Nublado,19,Quinta,3.9
1529,25,37.46,5,38,5,43,45,-2,0,Nublado,12,Quarta,0.5
1530,49,41.77,1,23,27,50,39,11,1,Nublado,13,Sábado,1.6
1531,1,81.42,3,23,13,36,32,4,0,Chuvoso,8,Quarta,0.7
1532,41,18.61,2,14,11,25,21,4,0,Chuvoso,19,Sábado,0.9
1533,11,72.38,2,25,6,31,41,-10,0,Ensolarado,7,Segunda,0.5
1534,36,228.08,6,21,47,68,51,17,1,Garoa,21,Domingo,6.5
1535,50,42.95,2,11,30,41,45,-4,0,Ensolarado,18,Sábado,6.5
1536,16,43.53,2,31,18,49,38,11,1,Ensolarado,18,Quarta,1.2
1537,69,55.8,2,17,38,55,49,6,1,Nublado,22,Sexta,7.6
1538,80,95.76,1,43,65,108,52,56,1,Tempestade,16,Domingo,6.2
1539,34,71.8,1,8,37,45,32,13,1,Ensolarado,12,Sexta,3.7
1540,75,64.03,4,30,33,63,41,22,1,Tempestade,4,Terça,3.3
1541,32,137.11,5,10,13,23,24,-1,0,Ensolarado,19,Domingo,0.5
1542,71,33.74,2,30,14,44,49,-5,0,Ensolarado,18,Sábado,3.3
1543,57,153.17,4,17,48,65,32,33,1,Garoa,21,Quarta,1.3
1544,43,71.49,4,17,27,44,25,19,1,Chuvoso,8,Sábado,0.5
1545,34,45.32,1,11,8,19,22,-3,0,Ensolarado,5,Terça,0.7
1546,70,63.67,6,23,9,32,35,-3,0,Nublado,11,Sábado,1.1
1547,18,62.09,4,17,9,26,37,-11,0,Ensolarado,22,Segunda,1.6
1548,57,76.4,5,29,28,57,39,18,1,Chuvoso,15,Sexta,3.2
1549,80,147.25,2,42,38,80,40,40,1,Tempestade,8,Segunda,2.4
1550,55,41.09,5,16,23,39,47,-8,0,Ensolarado,9,Sexta,5.4
1551,74,34.84,3,13,10,23,23,0,0,Garoa,17,Sexta,0.6
1552,52,58.75,4,23,18,41,42,-1,0,Ensolarado,17,Quinta,1.9
1553,53,98.74,3,17,24,41,36,5,0,Ensolarado,19,Domingo,2.8
1554,11,24.59,6,39,66,105,67,38,1,Nublado,19,Quinta,8.4
1555,44,55.83,4,19,29,48,36,12,1,Ensolarado,20,Terça,1.4
1556,28,59.53,3,26,28,54,49,5,0,Garoa,18,Quinta,4.9
1557,6,21.57,6,18,22,40,23,17,1,Chuvoso,0,Domingo,0.8
1558,56,36.48,6,38,16,54,39,15,1,Chuvoso,12,Sábado,1.8
1559,44,49.96,3,16,59,75,75,0,0,Ensolarado,17,Terça,13.0
1560,3,15.0,6,22,85,107,92,15,1,Ensolarado,12,Segunda,15.6
1561,19,41.08,6,27,10,37,48,-11,0,Ensolarado,13,Quinta,1.3
1562,53,24.26,2,34,142,176,75,101,1,Tempestade,21,Segunda,14.5
1563,13,41.63,3,26,92,118,58,60,1,Chuvoso,20,Quarta,9.9
1564,71,23.73,4,26,25,51,41,10,1,Nublado,8,Sexta,0.8
1565,37,83.03,3,12,23,35,31,4,0,Ensolarado,12,Sábado,1.1
1566,15,37.7,5,13,11,24,26,-2,0,Nublado,20,Sexta,0.5
1567,12,150.58,4,26,13,39,41,-2,0,Nublado,15,Sexta,1.1
1568,43,130.51,2,14,24,38,25,13,1,Nublado,20,Sexta,0.6
1569,26,54.7,2,24,10,34,31,3,0,Nublado,4,Quarta,0.5
1570,20,50.84,3,22,11,33,33,0,0,Nublado,19,Terça,0.5
1571,57,137.62,5,17,38,55,50,5,0,Nublado,16,Quarta,6.6
1572,63,15.0,5,20,17,37,39,-2,0,Ensolarado,15,Terça,2.7
1573,21,56.48,1,13,7,20,33,-13,0,Ensolarado,20,Sexta,0.7
1574,74,86.9,2,10,11,21,29,-8,0,Ensolarado,7,Segunda,2.3
1575,76,50.08,2,19,44,63,57,6,1,Nublado,7,Sábado,8.4
1576,31,49.66,1,28,31,59,53,6,1,Nublado,11,Segunda,5.5
1577,21,82.53,2,21,17,38,35,3,0,Ensolarado,18,Terça,1.3
1578,69,83.04,3,11,45,56,62,-6,0,Ensolarado,7,Domingo,11.3
1579,7,47.3,2,27,30,57,44,13,1,Nublado,15,Sábado,4.4
1580,72,20.03,2,10,11,21,28,-7,0,Ensolarado,22,Domingo,2.5
1581,6,19.36,1,20,31,51,22,29,1,Tempestade,19,Sexta,0.5
1582,55,90.26,2,16,10,26,36,-10,0,Ensolarado,17,Segunda,2.1
1583,68,48.06,6,19,26,45,41,4,0,Tempestade,15,Sábado,3.9
1584,37,89.04,6,20,23,43,32,11,1,Nublado,18,Sexta,1.6
1585,58,44.22,2,23,164,187,89,98,1,Chuvoso,13,Sábado,18.7
1586,27,37.16,1,13,58,71,57,14,1,Ensolarado,12,Terça,9.9
1587,70,29.37,2,34,38,72,34,38,1,Tempestade,1,Domingo,0.8
1588,9,15.0,3,13,10,23,26,-3,0,Nublado,18,Sábado,1.0
1589,4,46.94,3,15,77,92,63,29,1,Ensolarado,20,Terça,10.9
1590,76,31.17,2,18,8,26,34,-8,0,Ensolarado,15,Segunda,1.4
1591,28,48.0,5,29,15,44,34,10,1,Nublado,19,Domingo,0.5
1592,14,42.59,4,13,18,31,27,4,0,Nublado,17,Terça,1.3
1593,27,27.21,4,15,7,22,26,-4,0,Nublado,5,Segunda,0.5
1594,8,44.61,3,14,33,47,26,21,1,Chuvoso,23,Sábado,2.1
1595,59,169.25,3,30,9,39,38,1,0,Nublado,17,Quarta,0.5
1596,64,16.98,4,21,12,33,25,8,1,Chuvoso,17,Sexta,0.5
1597,45,27.41,2,20,27,47,39,8,1,Nublado,16,Sábado,4.3
1598,15,72.4,2,21,84,105,50,55,1,Tempestade,12,Segunda,7.9
1599,47,22.03,2,11,40,51,39,12,1,Garoa,15,Sexta,5.9
1600,75,42.75,2,17,13,30,35,-5,0,Ensolarado,19,Segunda,1.6
1601,12,116.11,5,27,47,74,61,13,1,Ensolarado,13,Quarta,7.2
1602,72,64.65,3,11,27,38,23,15,1,Chuvoso,12,Sexta,1.0
1603,59,72.67,6,38,21,59,42,17,1,Chuvoso,8,Quarta,1.6
1604,6,59.7,4,12,53,65,32,33,1,Chuvoso,20,Sábado,3.6
1605,78,39.16,2,17,9,26,26,0,0,Nublado,20,Sábado,0.5
1606,27,18.36,2,16,81,97,66,31,1,Ensolarado,19,Sábado,12.7
1607,62,25.43,6,25,15,40,42,-2,0,Nublado,18,Segunda,2.1
1608,49,44.97,1,19,38,57,55,2,0,Ensolarado,12,Terça,6.5
1609,2,47.65,4,31,28,59,51,8,1,Ensolarado,21,Quinta,1.8
1610,18,75.05,2,19,42,61,52,9,1,Ensolarado,21,Segunda,6.0
1611,49,98.61,2,24,24,48,35,13,1,Ensolarado,18,Terça,0.5
1612,49,70.7,5,26,16,42,35,7,1,Ensolarado,12,Quinta,0.5
1613,64,22.2,3,18,44,62,37,25,1,Chuvoso,11,Terça,4.1
1614,65,67.09,2,36,13,49,46,3,0,Garoa,18,Sábado,2.5
1615,60,27.87,1,37,31,68,59,9,1,Ensolarado,15,Sábado,4.9
1616,54,52.42,4,35,46,81,59,22,1,Garoa,18,Sábado,6.8
1617,64,18.29,5,10,28,38,32,6,1,Nublado,4,Segunda,2.5
1618,21,52.71,2,21,46,67,50,17,1,Ensolarado,21,Terça,5.9
1619,4,31.62,3,14,16,30,29,1,0,Ensolarado,16,Sábado,0.5
1620,27,20.22,2,17,11,28,26,2,0,Chuvoso,12,Terça,0.5
1621,42,116.76,4,19,29,48,58,-10,0,Ensolarado,14,Sábado,6.9
1622,60,41.87,2,31,17,48,44,4,0,Ensolarado,12,Sexta,0.6
1623,4,35.34,2,26,22,48,32,16,1,Chuvoso,19,Quinta,1.5
1624,21,81.59,4,19,14,33,38,-5,0,Ensolarado,19,Quinta,2.0
1625,58,21.2,5,13,13,26,29,-3,0,Nublado,14,Quinta,0.5
1626,34,65.65,1,9,44,53,37,16,1,Ensolarado,20,Quinta,5.2
1627,18,110.92,1,32,18,50,33,17,1,Garoa,1,Sábado,0.5
1628,45,16.5,1,13,22,35,29,6,1,Ensolarado,12,Domingo,1.3
1629,71,15.0,5,37,16,53,43,10,1,Nublado,19,Sábado,1.3
1630,32,311.82,3,19,40,59,40,19,1,Chuvoso,6,Sexta,5.3
1631,9,33.97,3,13,9,22,24,-2,0,Nublado,16,Quarta,0.5
1632,16,21.34,5,37,35,72,43,29,1,Chuvoso,17,Quarta,2.9
1633,25,37.37,5,35,14,49,49,0,0,Nublado,0,Quarta,1.6
1634,25,40.8,3,30,39,69,59,10,1,Ensolarado,19,Quinta,4.8
1635,66,26.29,5,20,154,174,87,87,1,Chuvoso,20,Sábado,20.0
1636,60,29.3,2,32,36,68,51,17,1,Ensolarado,20,Quinta,2.5
1637,65,89.65,4,41,23,64,46,18,1,Chuvoso,4,Quarta,2.5
1638,67,149.39,1,11,20,31,27,4,0,Ensolarado,8,Domingo,1.4
1639,41,28.81,2,8,41,49,32,17,1,Chuvoso,17,Sexta,4.1
1640,2,160.36,2,36,10,46,47,-1,0,Nublado,3,Sábado,0.5
1641,4,52.24,1,17,9,26,29,-3,0,Garoa,20,Sábado,0.5
1642,35,94.44,2,18,9,27,31,-4,0,Nublado,6,Quinta,0.5
1643,55,157.64,2,24,19,43,35,8,1,Ensolarado,5,Sábado,1.7
1644,69,116.54,4,11,47,58,48,10,1,Garoa,19,Quinta,7.2
1645,54,241.31,3,32,46,78,50,28,1,Tempestade,23,Sexta,3.9
1646,37,166.23,2,14,23,37,48,-11,0,Ensolarado,17,Sexta,6.2
1647,20,200.15,4,23,94,117,57,60,1,Chuvoso,20,Sábado,8.0
1648,1,55.15,3,24,17,41,34,7,1,Ensolarado,16,Quarta,1.3
1649,30,15.0,4,10,32,42,38,4,0,Ensolarado,20,Quinta,4.9
1650,30,34.47,5,10,104,114,77,37,1,Ensolarado,20,Segunda,16.6
1651,48,37.96,3,15,29,44,46,-2,0,Ensolarado,15,Quinta,6.1
1652,74,109.89,2,12,17,29,26,3,0,Ensolarado,17,Sexta,1.4
1653,48,65.78,5,21,23,44,33,11,1,Nublado,16,Quinta,2.1
1654,30,28.07,1,18,20,38,24,14,1,Chuvoso,16,Domingo,0.9
1655,35,64.27,4,14,34,48,49,-1,0,Ensolarado,8,Sábado,6.1
1656,38,33.74,3,17,70,87,53,34,1,Ensolarado,21,Terça,8.6
1657,47,33.08,6,8,26,34,23,11,1,Ensolarado,19,Domingo,1.2
1658,8,55.66,3,10,23,33,30,3,0,Ensolarado,18,Quinta,3.3
1659,67,63.23,6,12,13,25,28,-3,0,Ensolarado,4,Terça,1.6
1660,80,180.58,1,28,84,112,60,52,1,Chuvoso,12,Sexta,8.5
1661,19,26.51,5,64,22,86,48,38,1,Tempestade,17,Segunda,1.3
1662,17,75.07,1,23,15,38,35,3,0,Nublado,10,Sábado,2.5
1663,68,50.48,3,22,15,37,33,4,0,Nublado,13,Domingo,1.4
1664,79,104.5,3,27,31,58,35,23,1,Chuvoso,17,Domingo,1.7
1665,57,117.35,3,28,39,67,32,35,1,Chuvoso,19,Sexta,1.1
1666,52,39.39,5,25,21,46,37,9,1,Nublado,15,Quinta,0.5
1667,47,15.0,2,21,31,52,21,31,1,Chuvoso,12,Sábado,0.5
1668,38,146.56,6,14,8,22,26,-4,0,Nublado,11,Quinta,0.5
1669,75,65.35,5,14,18,32,32,0,0,Nublado,21,Sábado,0.6
1670,38,15.0,4,20,64,84,39,45,1,Chuvoso,19,Sexta,4.5
1671,62,128.51,2,29,18,47,48,-1,0,Nublado,17,Terça,3.9
1672,16,67.16,3,26,23,49,47,2,0,Ensolarado,18,Sexta,4.1
1673,51,86.01,1,18,52,70,41,29,1,Tempestade,10,Sexta,6.2
1674,9,15.0,4,12,18,30,25,5,0,Ensolarado,22,Terça,0.7
1675,24,30.87,2,29,77,106,46,60,1,Tempestade,11,Sábado,6.4
1676,30,20.76,1,11,11,22,23,-1,0,Nublado,20,Sexta,0.5
1677,42,66.14,2,27,17,44,43,1,0,Nublado,21,Segunda,2.6
1678,75,25.37,1,17,18,35,36,-1,0,Ensolarado,21,Quarta,1.7
1679,56,78.87,2,20,15,35,36,-1,0,Ensolarado,7,Terça,0.9
1680,13,134.44,2,19,16,35,29,6,1,Nublado,7,Quarta,1.3
1681,39,51.42,1,22,26,48,40,8,1,Ensolarado,18,Quarta,3.6
1682,4,71.55,2,22,42,64,43,21,1,Nublado,13,Quarta,4.9
1683,76,66.74,2,12,11,23,31,-8,0,Ensolarado,13,Sábado,0.5
1684,31,101.99,4,23,5,28,37,-9,0,Nublado,19,Sexta,0.7
1685,39,73.49,3,17,23,40,34,6,1,Ensolarado,13,Terça,1.7
1686,8,74.76,2,9,26,35,37,-2,0,Nublado,14,Sexta,5.3
1687,68,72.4,3,20,15,35,32,3,0,Garoa,21,Quarta,1.3
1688,55,43.94,2,34,31,65,39,26,1,Chuvoso,11,Sexta,2.9
1689,77,58.63,2,14,10,24,27,-3,0,Nublado,14,Segunda,0.7
1690,23,143.64,4,22,66,88,75,13,1,Garoa,22,Quinta,13.7
1691,44,47.05,3,26,16,42,33,9,1,Garoa,17,Quinta,0.5
1692,42,147.19,2,32,11,43,38,5,0,Chuvoso,0,Quinta,1.0
1693,37,101.09,3,25,10,35,31,4,0,Garoa,22,Segunda,1.1
1694,51,89.06,2,10,35,45,49,-4,0,Ensolarado,18,Sábado,8.6
1695,5,28.92,1,20,25,45,41,4,0,Nublado,18,Sexta,3.4
1696,69,37.8,2,14,46,60,53,7,1,Ensolarado,19,Sexta,8.7
1697,60,32.96,2,28,43,71,69,2,0,Nublado,8,Terça,7.9
1698,59,39.66,2,28,22,50,44,6,1,Garoa,14,Sexta,2.1
1699,74,123.26,4,11,44,55,31,24,1,Ensolarado,19,Quarta,2.9
1700,54,93.58,2,29,14,43,39,4,0,Garoa,15,Quarta,0.8
1701,63,51.29,3,17,25,42,44,-2,0,Ensolarado,15,Sexta,4.1
1702,78,141.94,5,20,11,31,33,-2,0,Nublado,18,Segunda,2.7
1703,7,25.16,4,44,24,68,32,36,1,Tempestade,18,Quinta,1.0
1704,46,62.54,3,38,5,43,39,4,0,Chuvoso,19,Sexta,0.5
1705,52,72.47,3,33,17,50,41,9,1,Chuvoso,7,Segunda,1.5
1706,19,45.93,4,48,48,96,67,29,1,Chuvoso,18,Quinta,7.1
1707,41,36.07,3,12,17,29,22,7,1,Chuvoso,13,Terça,1.0
1708,35,107.96,2,25,23,48,40,8,1,Garoa,0,Quinta,3.4
1709,75,41.79,5,18,14,32,39,-7,0,Ensolarado,10,Segunda,2.7
1710,51,84.94,2,11,15,26,23,3,0,Nublado,13,Segunda,0.7
1711,54,58.95,2,34,15,49,42,7,1,Nublado,19,Quarta,1.5
1712,62,65.66,2,22,7,29,36,-7,0,Chuvoso,12,Domingo,0.5
1713,64,25.4,5,15,10,25,25,0,0,Ensolarado,10,Sábado,0.6
1714,66,133.35,3,12,11,23,22,1,0,Nublado,17,Sexta,0.5
1715,7,27.82,1,22,36,58,53,5,0,Nublado,17,Sábado,7.1
1716,78,37.27,3,13,5,18,26,-8,0,Ensolarado,8,Segunda,0.5
1717,36,90.19,2,30,19,49,31,18,1,Chuvoso,11,Sexta,0.5
1718,26,84.07,3,27,47,74,45,29,1,Chuvoso,19,Domingo,4.7
1719,55,41.8,5,17,23,40,39,1,0,Nublado,11,Sexta,3.0
1720,9,34.77,5,13,39,52,52,0,0,Ensolarado,18,Domingo,8.9
1721,16,48.21,3,25,23,48,40,8,1,Ensolarado,14,Domingo,1.8
1722,37,71.34,5,28,17,45,32,13,1,Chuvoso,15,Quinta,1.6
1723,23,147.19,2,25,9,34,32,2,0,Nublado,10,Quarta,0.5
1724,17,45.15,3,16,12,28,29,-1,0,Ensolarado,0,Terça,0.5
1725,38,26.94,2,16,14,30,30,0,0,Garoa,2,Sábado,1.6
1726,54,50.06,2,30,24,54,50,4,0,Ensolarado,7,Quarta,4.1
1727,18,23.72,4,24,12,36,35,1,0,Nublado,18,Segunda,1.1
1728,28,45.4,2,19,19,38,38,0,0,Ensolarado,17,Sexta,1.6
1729,63,15.0,1,14,10,24,37,-13,0,Ensolarado,7,Quarta,2.1
1730,25,35.18,4,45,23,68,45,23,1,Garoa,12,Sábado,0.5
1731,37,203.9,3,22,15,37,35,2,0,Nublado,18,Sábado,2.3
1732,62,32.33,2,26,20,46,46,0,0,Ensolarado,7,Segunda,3.3
1733,58,19.41,5,12,36,48,40,8,1,Ensolarado,21,Segunda,4.0
1734,80,63.06,1,19,20,39,34,5,0,Nublado,14,Quarta,0.6
1735,35,59.96,2,18,33,51,44,7,1,Ensolarado,19,Sexta,4.5
1736,74,68.41,3,11,55,66,66,0,0,Ensolarado,7,Sábado,13.3
1737,61,40.08,4,28,27,55,58,-3,0,Ensolarado,18,Segunda,5.3
1738,56,21.18,5,19,15,34,37,-3,0,Ensolarado,21,Sexta,1.2
1739,23,249.68,2,14,10,24,38,-14,0,Ensolarado,20,Quinta,2.4
1740,78,88.35,4,8,34,42,48,-6,0,Ensolarado,7,Sexta,7.2
1741,39,69.25,2,22,5,27,30,-3,0,Nublado,10,Sexta,0.6
1742,52,43.25,2,39,27,66,49,17,1,Nublado,14,Sábado,3.9
1743,71,15.0,2,32,39,71,50,21,1,Ensolarado,20,Segunda,3.5
1744,53,35.08,5,19,11,30,29,1,0,Ensolarado,22,Sábado,0.5
1745,33,25.83,2,20,8,28,33,-5,0,Ensolarado,20,Terça,0.5
1746,70,47.11,3,21,26,47,39,8,1,Nublado,13,Segunda,2.3
1747,9,22.64,5,16,22,38,25,13,1,Chuvoso,6,Sexta,0.9
1748,12,111.85,5,35,10,45,43,2,0,Ensolarado,14,Terça,1.7
1749,43,117.2,3,19,41,60,34,26,1,Chuvoso,20,Quarta,3.1
1750,62,41.76,3,25,20,45,50,-5,0,Ensolarado,23,Sexta,4.7
1751,32,37.38,2,14,14,28,31,-3,0,Nublado,22,Sexta,2.6
1752,52,64.16,2,28,41,69,66,3,0,Ensolarado,15,Sábado,9.2
1753,26,72.98,3,15,13,28,32,-4,0,Ensolarado,0,Terça,0.8
1754,79,155.91,2,23,34,57,54,3,0,Garoa,11,Sábado,7.6
1755,72,75.47,6,10,115,125,86,39,1,Ensolarado,19,Terça,20.0
1756,8,40.21,1,9,10,19,28,-9,0,Ensolarado,13,Segunda,2.5
1757,17,51.13,4,18,37,55,38,17,1,Nublado,12,Terça,3.4
1758,44,51.47,2,21,26,47,44,3,0,Ensolarado,4,Segunda,3.7
1759,19,28.69,3,29,37,66,58,8,1,Ensolarado,21,Sábado,4.4
1760,73,43.2,5,18,32,50,27,23,1,Chuvoso,9,Segunda,0.7
1761,19,59.01,4,33,40,73,67,6,1,Ensolarado,2,Sábado,7.1
1762,76,22.87,2,19,12,31,32,-1,0,Ensolarado,8,Domingo,0.8
1763,70,38.81,6,24,57,81,49,32,1,Garoa,20,Sábado,5.3
1764,30,40.51,1,23,23,46,23,23,1,Tempestade,23,Domingo,0.5
1765,35,92.01,2,25,34,59,44,15,1,Chuvoso,8,Domingo,4.4
1766,9,29.72,6,12,23,35,28,7,1,Nublado,13,Quinta,1.8
1767,20,27.55,2,23,46,69,56,13,1,Nublado,11,Segunda,7.7
1768,12,65.08,1,29,19,48,51,-3,0,Ensolarado,17,Sábado,4.1
1769,66,99.47,6,20,29,49,24,25,1,Tempestade,20,Domingo,1.2
1770,78,62.25,3,13,38,51,43,8,1,Ensolarado,21,Terça,5.7
1771,16,37.14,4,33,16,49,35,14,1,Nublado,18,Segunda,0.5
1772,16,39.57,3,22,56,78,71,7,1,Nublado,18,Sexta,11.1
1773,53,15.0,4,25,42,67,41,26,1,Chuvoso,12,Quinta,4.2
1774,60,15.47,5,41,16,57,52,5,0,Nublado,16,Quarta,2.8
1775,12,69.72,2,26,21,47,54,-7,0,Ensolarado,17,Segunda,4.9
1776,45,15.42,5,15,35,50,46,4,0,Ensolarado,21,Quinta,6.2
1777,45,67.75,3,14,18,32,34,-2,0,Ensolarado,17,Domingo,2.6
1778,39,118.96,2,18,9,27,30,-3,0,Nublado,8,Segunda,0.5
1779,27,45.19,2,16,10,26,26,0,0,Nublado,17,Quinta,0.5
1780,56,44.99,2,29,27,56,37,19,1,Chuvoso,15,Quinta,1.4
1781,47,61.24,3,9,24,33,28,5,0,Ensolarado,13,Terça,2.7
1782,75,52.54,3,40,73,113,51,62,1,Chuvoso,13,Segunda,6.4
1783,52,67.82,1,25,20,45,39,6,1,Garoa,18,Sábado,1.1
1784,79,48.48,2,20,16,36,38,-2,0,Ensolarado,6,Segunda,2.6
1785,31,17.52,3,29,116,145,74,71,1,Chuvoso,12,Quarta,11.8
1786,1,83.77,6,24,97,121,71,50,1,Garoa,12,Sábado,12.3
1787,78,100.51,1,15,45,60,44,16,1,Garoa,19,Sábado,5.9
1788,22,80.55,2,26,29,55,32,23,1,Chuvoso,12,Sábado,1.4
1789,27,36.44,3,16,34,50,31,19,1,Chuvoso,14,Sexta,2.1
1790,77,18.59,2,14,21,35,35,0,0,Ensolarado,16,Sábado,3.3
1791,18,42.07,3,26,21,47,42,5,0,Nublado,11,Sábado,3.1
1792,31,37.74,3,29,41,70,37,33,1,Chuvoso,20,Sábado,0.6
1793,50,15.0,4,15,48,63,42,21,1,Ensolarado,20,Quarta,5.5
1794,29,64.89,3,15,31,46,31,15,1,Nublado,19,Terça,2.2
1795,50,16.89,5,12,34,46,41,5,0,Ensolarado,13,Sexta,5.4
1796,39,73.8,2,29,21,50,37,13,1,Chuvoso,1,Sábado,2.6
1797,35,100.9,4,25,17,42,38,4,0,Nublado,14,Sábado,2.7
1798,4,155.47,4,15,15,30,31,-1,0,Ensolarado,17,Quarta,1.2
1799,48,69.81,2,20,17,37,34,3,0,Garoa,22,Terça,2.5
1800,8,46.2,5,12,5,17,21,-4,0,Nublado,18,Sexta,0.5
1801,20,53.68,3,22,6,28,33,-5,0,Ensolarado,23,Terça,0.7
1802,59,81.29,3,29,13,42,38,4,0,Nublado,9,Segunda,0.5
1803,80,126.77,3,28,14,42,33,9,1,Ensolarado,21,Segunda,0.5
1804,17,42.88,2,19,18,37,37,0,0,Nublado,3,Sábado,3.0
1805,56,50.48,2,16,43,59,64,-5,0,Ensolarado,6,Domingo,9.5
1806,72,34.61,3,8,8,16,25,-9,0,Ensolarado,18,Segunda,1.6
1807,63,20.01,2,19,20,39,36,3,0,Nublado,9,Domingo,1.7
1808,33,35.26,1,16,11,27,33,-6,0,Nublado,8,Sexta,0.5
1809,64,34.65,2,9,21,30,38,-8,0,Ensolarado,22,Domingo,4.5
1810,12,101.23,3,29,10,39,41,-2,0,Nublado,14,Sábado,1.1
1811,76,27.39,3,18,24,42,39,3,0,Nublado,22,Sexta,3.1
1812,60,15.0,1,22,29,51,55,-4,0,Ensolarado,12,Segunda,3.8
1813,15,116.3,5,15,24,39,30,9,1,Nublado,13,Sábado,1.8
1814,15,59.23,4,15,53,68,46,22,1,Nublado,21,Quinta,6.7
1815,6,33.83,4,12,20,32,30,2,0,Nublado,12,Domingo,2.8
1816,47,46.2,4,9,19,28,21,7,1,Nublado,19,Quarta,0.5
1817,65,113.73,4,38,35,73,44,29,1,Tempestade,9,Quarta,1.9
1818,24,43.91,3,11,18,29,32,-3,0,Ensolarado,15,Domingo,2.0
1819,17,40.43,5,19,36,55,40,15,1,Ensolarado,13,Domingo,4.0
1820,51,35.88,5,11,34,45,34,11,1,Ensolarado,12,Sexta,4.1
1821,29,31.38,3,12,78,90,69,21,1,Ensolarado,19,Sábado,13.9
1822,76,25.23,1,24,18,42,32,10,1,Garoa,23,Sexta,1.0
1823,13,36.48,3,19,54,73,62,11,1,Ensolarado,7,Sábado,11.2
1824,30,46.94,1,16,5,21,23,-2,0,Nublado,11,Sexta,0.6
1825,7,42.47,4,19,21,40,32,8,1,Ensolarado,19,Sábado,0.8
1826,24,27.76,1,18,77,95,64,31,1,Ensolarado,21,Quinta,11.7
1827,47,33.69,3,12,55,67,33,34,1,Chuvoso,21,Quarta,4.2
1828,23,286.79,6,20,5,25,33,-8,0,Ensolarado,6,Sexta,0.8
1829,59,95.52,2,32,24,56,50,6,1,Chuvoso,8,Sábado,4.1
1830,66,34.65,3,10,17,27,33,-6,0,Ensolarado,2,Segunda,3.8
1831,53,33.2,3,31,43,74,35,39,1,Chuvoso,13,Segunda,2.3
1832,77,36.03,1,10,9,19,26,-7,0,Ensolarado,9,Quinta,0.5
1833,63,18.46,4,22,14,36,32,4,0,Chuvoso,18,Terça,0.7
1834,39,85.72,5,27,29,56,34,22,1,Chuvoso,20,Sexta,1.9
1835,24,36.25,1,15,24,39,30,9,1,Ensolarado,13,Quarta,1.5
1836,79,84.49,2,21,28,49,31,18,1,Garoa,20,Sábado,0.6
1837,79,50.14,6,20,71,91,80,11,1,Nublado,11,Segunda,15.4
1838,76,22.1,2,30,41,71,41,30,1,Chuvoso,12,Terça,3.7
1839,38,66.89,2,21,25,46,26,20,1,Chuvoso,21,Sábado,0.6
1840,56,40.61,2,23,9,32,36,-4,0,Ensolarado,9,Quinta,1.1
1841,39,24.66,3,14,33,47,53,-6,0,Ensolarado,17,Terça,7.4
1842,3,59.69,2,33,20,53,50,3,0,Ensolarado,22,Terça,2.9
1843,52,27.39,2,27,11,38,40,-2,0,Ensolarado,9,Quinta,1.3
1844,77,177.94,3,23,12,35,27,8,1,Chuvoso,15,Segunda,0.8
1845,41,84.57,2,8,6,14,20,-6,0,Ensolarado,13,Segunda,0.5
1846,69,84.86,3,11,45,56,57,-1,0,Ensolarado,18,Domingo,9.9
1847,7,76.65,6,21,25,46,42,4,0,Ensolarado,23,Sábado,4.0
1848,12,48.56,3,36,16,52,42,10,1,Chuvoso,18,Domingo,1.5
1849,27,23.58,3,14,21,35,40,-5,0,Ensolarado,22,Sábado,4.9
1850,38,65.1,3,23,37,60,26,34,1,Tempestade,21,Quarta,0.6
1851,33,344.6,2,22,26,48,36,12,1,Nublado,12,Sexta,1.2
1852,50,19.6,6,15,18,33,29,4,0,Nublado,18,Quarta,1.8
1853,58,53.02,2,31,59,90,46,44,1,Tempestade,11,Sexta,5.7
1854,63,15.0,1,18,7,25,32,-7,0,Nublado,19,Sábado,0.5
1855,40,67.0,2,14,31,45,40,5,0,Ensolarado,13,Quarta,3.5
1856,17,45.5,5,18,6,24,29,-5,0,Nublado,4,Domingo,0.7
1857,57,143.47,3,18,26,44,30,14,1,Ensolarado,19,Quarta,0.7
1858,42,212.91,3,33,21,54,36,18,1,Garoa,19,Sexta,0.5
1859,54,81.97,2,32,11,43,46,-3,0,Chuvoso,12,Segunda,2.7
1860,20,49.42,3,22,22,44,34,10,1,Garoa,11,Sexta,1.0
1861,5,34.46,3,28,13,41,32,9,1,Chuvoso,11,Sábado,0.5
1862,66,50.76,1,14,75,89,56,33,1,Nublado,13,Quarta,10.8
1863,33,41.62,3,21,49,70,56,14,1,Ensolarado,21,Segunda,7.3
1864,78,43.7,3,16,34,50,38,12,1,Ensolarado,8,Terça,4.3
1865,42,51.83,1,24,57,81,60,21,1,Ensolarado,20,Domingo,7.5
1866,37,40.28,2,16,72,88,57,31,1,Chuvoso,19,Quarta,8.9
1867,1,32.16,2,21,26,47,41,6,1,Ensolarado,9,Quarta,3.4
1868,44,26.07,1,32,24,56,43,13,1,Chuvoso,18,Quarta,3.4
1869,22,133.31,2,22,16,38,30,8,1,Ensolarado,22,Quinta,1.0
1870,46,16.48,4,41,20,61,41,20,1,Chuvoso,16,Sábado,1.2
1871,10,18.24,5,14,18,32,25,7,1,Ensolarado,20,Segunda,0.5
1872,21,169.61,2,27,20,47,36,11,1,Nublado,19,Domingo,1.6
1873,20,46.21,3,26,20,46,40,6,1,Nublado,19,Quarta,2.7
1874,20,35.31,1,19,12,31,33,-2,0,Ensolarado,13,Sexta,0.5
1875,14,32.47,1,13,27,40,48,-8,0,Ensolarado,15,Terça,7.6
1876,5,35.04,5,19,16,35,33,2,0,Nublado,16,Sábado,0.9
1877,34,30.94,3,10,10,20,24,-4,0,Ensolarado,22,Domingo,1.4
1878,23,213.31,1,27,5,32,32,0,0,Nublado,18,Sexta,0.5
1879,50,15.0,2,15,12,27,26,1,0,Nublado,22,Quinta,0.7
1880,75,66.57,4,24,15,39,33,6,1,Garoa,14,Quarta,0.9
1881,45,54.01,3,24,25,49,34,15,1,Chuvoso,16,Sexta,2.6
1882,24,26.7,2,20,27,47,29,18,1,Chuvoso,18,Domingo,1.3
1883,77,41.62,3,17,33,50,43,7,1,Nublado,3,Sábado,5.8
1884,47,15.0,3,10,15,25,21,4,0,Ensolarado,19,Sábado,0.5
1885,78,50.24,6,16,37,53,34,19,1,Nublado,19,Quarta,2.8
1886,22,92.0,3,25,26,51,35,16,1,Chuvoso,20,Segunda,2.3
1887,50,38.7,5,18,66,84,52,32,1,Nublado,21,Quinta,8.6
1888,17,27.59,4,19,34,53,46,7,1,Nublado,16,Terça,5.6
1889,70,31.76,3,22,36,58,56,2,0,Garoa,11,Quarta,7.3
1890,34,40.23,5,9,16,25,21,4,0,Nublado,13,Quarta,0.5
1891,20,108.34,4,27,37,64,38,26,1,Nublado,19,Segunda,2.3
1892,71,42.72,5,33,51,84,55,29,1,Chuvoso,13,Terça,5.1
1893,3,32.42,4,36,62,98,59,39,1,Garoa,13,Quarta,5.5
1894,28,56.37,3,30,13,43,35,8,1,Chuvoso,0,Segunda,0.8
1895,44,102.73,2,18,72,90,87,3,0,Ensolarado,18,Sábado,16.7
1896,12,92.43,5,20,17,37,44,-7,0,Ensolarado,19,Terça,2.1
1897,38,44.18,1,12,8,20,30,-10,0,Ensolarado,15,Sábado,1.8
1898,36,70.71,5,22,17,39,38,1,0,Ensolarado,9,Sábado,2.6
1899,50,20.01,5,15,20,35,25,10,1,Nublado,14,Sexta,0.5
1900,40,90.62,2,21,79,100,95,5,0,Ensolarado,9,Quarta,20.0
1901,22,68.72,3,19,19,38,36,2,0,Nublado,12,Sexta,2.6
1902,22,166.93,1,26,52,78,50,28,1,Chuvoso,7,Segunda,6.9
1903,13,84.12,3,14,7,21,33,-12,0,Ensolarado,17,Domingo,2.3
1904,11,40.2,4,36,15,51,41,10,1,Garoa,0,Sexta,0.5
1905,58,34.64,2,12,10,22,34,-12,0,Ensolarado,22,Sexta,2.2
1906,1,64.8,4,18,14,32,32,0,0,Garoa,13,Domingo,0.5
1907,9,24.98,1,9,38,47,46,1,0,Ensolarado,22,Sábado,7.0
1908,2,28.85,3,33,38,71,57,14,1,Ensolarado,13,Quarta,3.6
1909,47,19.78,1,17,54,71,21,50,1,Tempestade,19,Sábado,0.5
1910,36,54.8,3,13,47,60,60,0,0,Ensolarado,18,Domingo,9.2
1911,49,117.07,3,26,19,45,39,6,1,Nublado,20,Quinta,1.6
1912,75,25.53,6,22,20,42,34,8,1,Ensolarado,15,Quinta,1.2
1913,56,102.69,2,24,47,71,74,-3,0,Ensolarado,22,Sábado,12.3
1914,52,34.51,2,21,73,94,87,7,1,Ensolarado,5,Sábado,15.5
1915,12,105.94,1,30,14,44,39,5,0,Nublado,18,Quinta,0.5
1916,24,56.07,6,18,29,47,38,9,1,Garoa,14,Domingo,3.8
1917,10,37.12,2,18,69,87,50,37,1,Chuvoso,21,Domingo,8.1
1918,17,55.2,3,23,25,48,34,14,1,Nublado,10,Terça,2.2
1919,56,50.0,4,26,24,50,42,8,1,Ensolarado,21,Sexta,2.8
1920,32,95.41,5,13,35,48,33,15,1,Nublado,12,Sábado,3.3
1921,63,21.49,3,22,13,35,34,1,0,Ensolarado,9,Quinta,1.1
1922,79,61.22,3,18,89,107,80,27,1,Chuvoso,11,Terça,15.5
1923,2,25.67,2,65,18,83,47,36,1,Chuvoso,7,Quinta,0.5
1924,66,45.79,2,9,37,46,39,7,1,Chuvoso,22,Domingo,5.5
1925,40,80.79,1,29,32,61,35,26,1,Tempestade,11,Sexta,2.1
1926,74,124.3,1,16,12,28,23,5,0,Chuvoso,8,Sexta,0.5
1927,27,36.97,4,17,26,43,30,13,1,Garoa,19,Domingo,1.6
1928,54,44.11,4,23,10,33,39,-6,0,Ensolarado,18,Sábado,0.7
1929,72,52.33,3,14,20,34,21,13,1,Nublado,19,Quinta,0.6
1930,48,72.39,1,14,25,39,35,4,0,Ensolarado,21,Sábado,2.8
1931,28,56.1,5,29,22,51,37,14,1,Chuvoso,7,Segunda,1.2
1932,48,76.16,5,15,17,32,33,-1,0,Ensolarado,19,Terça,2.0
1933,60,24.55,1,29,22,51,57,-6,0,Ensolarado,22,Sexta,4.5
1934,21,49.63,2,31,17,48,35,13,1,Garoa,17,Sábado,1.2
1935,21,63.9,3,34,30,64,33,31,1,Chuvoso,13,Sábado,0.5
1936,14,71.55,3,11,10,21,29,-8,0,Ensolarado,18,Terça,2.1
1937,70,90.95,4,24,14,38,37,1,0,Garoa,15,Terça,1.7
1938,17,46.53,1,17,30,47,46,1,0,Nublado,16,Quinta,5.6
1939,25,28.59,3,34,20,54,45,9,1,Chuvoso,18,Sábado,0.5
1940,29,118.64,6,13,38,51,38,13,1,Ensolarado,12,Domingo,4.5
1941,70,23.41,3,33,88,121,63,58,1,Chuvoso,19,Sexta,9.3
1942,61,45.42,2,33,29,62,50,12,1,Garoa,19,Quinta,2.9
1943,24,15.0,4,22,15,37,29,8,1,Chuvoso,20,Terça,1.3
1944,10,15.0,2,23,147,170,68,102,1,Tempestade,19,Segunda,13.5
1945,50,59.9,3,16,34,50,40,10,1,Garoa,16,Quinta,5.0
1946,67,127.18,2,15,68,83,55,28,1,Nublado,21,Domingo,9.7
1947,52,85.41,2,34,53,87,47,40,1,Chuvoso,19,Domingo,3.3
1948,48,76.71,2,27,69,96,65,31,1,Chuvoso,16,Quarta,11.6
1949,39,78.55,4,20,28,48,42,6,1,Ensolarado,21,Quinta,4.1
1950,63,28.92,4,32,27,59,37,22,1,Chuvoso,17,Sábado,2.2
1951,49,144.57,3,20,19,39,48,-9,0,Ensolarado,15,Terça,4.3
1952,45,36.59,4,15,67,82,58,24,1,Ensolarado,12,Terça,10.0
1953,9,21.01,3,18,35,53,25,28,1,Chuvoso,19,Segunda,0.8
1954,48,60.85,6,19,14,33,29,4,0,Ensolarado,19,Domingo,1.0
1955,39,71.84,1,28,12,40,36,4,0,Garoa,14,Sábado,2.5
1956,48,70.81,6,14,10,24,34,-10,0,Ensolarado,23,Terça,2.4
1957,74,96.77,3,11,25,36,24,12,1,Garoa,18,Sexta,0.9
1958,6,29.32,3,8,12,20,30,-10,0,Ensolarado,13,Segunda,2.8
1959,72,43.2,2,10,38,48,26,22,1,Chuvoso,19,Domingo,2.0
1960,80,81.38,4,37,81,118,57,61,1,Chuvoso,19,Sábado,7.7
1961,33,87.29,3,17,32,49,43,6,1,Ensolarado,21,Sábado,3.4
1962,28,104.25,3,23,19,42,35,7,1,Ensolarado,13,Terça,0.7
1963,28,25.1,3,21,23,44,48,-4,0,Ensolarado,18,Sexta,4.7
1964,36,38.96,4,22,28,50,44,6,1,Chuvoso,17,Quarta,4.4
1965,72,36.06,2,10,6,16,21,-5,0,Nublado,9,Sexta,0.5
1966,43,149.84,5,13,18,31,31,0,0,Ensolarado,17,Segunda,2.4
1967,32,85.06,1,20,56,76,46,30,1,Chuvoso,20,Terça,7.0
1968,21,49.02,3,27,9,36,33,3,0,Chuvoso,17,Sexta,0.5
1969,25,20.27,4,45,70,115,84,31,1,Chuvoso,16,Sexta,12.3
1970,73,32.17,5,17,23,40,39,1,0,Garoa,8,Sábado,4.5
1971,24,28.21,3,15,32,47,46,1,0,Ensolarado,9,Sexta,6.2
1972,74,72.9,2,10,21,31,33,-2,0,Ensolarado,20,Terça,3.4
1973,4,63.24,1,33,15,48,32,16,1,Tempestade,9,Sexta,1.5
1974,51,39.28,3,9,22,31,38,-7,0,Ensolarado,23,Sexta,5.2
1975,64,15.0,2,12,14,26,25,1,0,Ensolarado,14,Domingo,0.5
1976,23,117.23,3,16,12,28,33,-5,0,Chuvoso,22,Sexta,0.9
1977,79,116.72,3,26,11,37,34,3,0,Chuvoso,14,Sexta,1.5
1978,32,75.2,2,15,32,47,42,5,0,Nublado,23,Quinta,6.0
1979,6,16.21,2,7,12,19,22,-3,0,Ensolarado,7,Sábado,0.6
1980,24,23.39,3,21,21,42,27,15,1,Garoa,12,Sábado,0.5
1981,21,99.22,3,23,10,33,34,-1,0,Ensolarado,10,Quinta,1.0
1982,18,97.84,5,23,23,46,46,0,0,Ensolarado,7,Quarta,4.2
1983,6,59.03,2,11,30,41,30,11,1,Ensolarado,13,Segunda,2.8
1984,44,58.92,4,24,40,64,42,22,1,Ensolarado,19,Sexta,3.2
1985,73,19.21,2,16,26,42,40,2,0,Ensolarado,23,Sábado,4.8
1986,31,30.45,2,25,16,41,39,2,0,Nublado,18,Sábado,1.4
1987,18,124.96,1,24,21,45,33,12,1,Nublado,9,Domingo,0.5
1988,78,211.63,1,9,19,28,31,-3,0,Ensolarado,18,Segunda,1.9
1989,56,118.79,2,30,38,68,52,16,1,Nublado,17,Segunda,5.9
1990,66,162.14,2,25,19,44,22,22,1,Tempestade,12,Quarta,0.5
1991,64,26.25,2,19,30,49,28,21,1,Garoa,1,Quinta,1.3
1992,19,31.1,4,32,14,46,45,1,0,Ensolarado,7,Domingo,0.5
1993,25,51.05,3,39,35,74,54,20,1,Nublado,12,Sábado,3.3
1994,32,72.94,3,16,15,31,24,7,1,Nublado,19,Domingo,0.5
1995,25,32.73,2,44,62,106,70,36,1,Garoa,21,Terça,8.0
1996,62,117.88,3,30,55,85,55,30,1,Garoa,13,Sábado,6.1
1997,70,62.81,1,23,10,33,33,0,0,Nublado,18,Sábado,0.5
1998,16,40.88,1,26,25,51,51,0,0,Ensolarado,1,Sexta,5.3
1999,49,183.69,4,16,27,43,40,3,0,Ensolarado,13,Sábado,1.8
2000,31,35.22,3,20,21,41,56,-15,0,Ensolarado,23,Sábado,6.3